Date,Open,High,Low,Close,Adj Close,Volume
2019-01-01,5200.0,5200.0,5200.0,5200.0,4629.85400390625,0.0
2019-01-02,5200.0,5245.0,5200.0,5240.0,4665.46875,35956000.0
2019-01-03,5200.0,5220.0,5115.0,5180.0,4612.04638671875,72358000.0
2019-01-04,5175.0,5205.0,5125.0,5205.0,4634.3056640625,51465000.0
2019-01-07,5265.0,5325.0,5245.0,5245.0,4669.919921875,73438000.0
2019-01-08,5230.0,5320.0,5205.0,5240.0,4665.46875,66247500.0
2019-01-09,5300.0,5320.0,5225.0,5255.0,4678.82373046875,84871000.0
2019-01-10,5300.0,5300.0,5190.0,5255.0,4678.82373046875,114314500.0
2019-01-11,5280.0,5300.0,5235.0,5250.0,4674.37109375,84826500.0
2019-01-14,5220.0,5235.0,5150.0,5200.0,4629.85400390625,87547500.0
2019-01-15,5230.0,5260.0,5190.0,5260.0,4683.275390625,87763000.0
2019-01-16,5260.0,5285.0,5245.0,5285.0,4705.53466796875,94972500.0
2019-01-17,5290.0,5330.0,5285.0,5330.0,4745.6005859375,91654000.0
2019-01-18,5340.0,5425.0,5315.0,5425.0,4830.18505859375,100873500.0
2019-01-21,5425.0,5600.0,5390.0,5545.0,4937.0283203125,87118000.0
2019-01-22,5600.0,5620.0,5450.0,5600.0,4985.99609375,91907000.0
2019-01-23,5600.0,5600.0,5475.0,5500.0,4896.9599609375,98512500.0
2019-01-24,5430.0,5485.0,5355.0,5460.0,4861.34716796875,106781000.0
2019-01-25,5400.0,5520.0,5400.0,5500.0,4896.9599609375,68944000.0
2019-01-28,5515.0,5515.0,5475.0,5495.0,4892.50927734375,69704000.0
2019-01-29,5445.0,5550.0,5440.0,5540.0,4932.57568359375,77679000.0
2019-01-30,5560.0,5560.0,5495.0,5520.0,4914.76806640625,76285000.0
2019-01-31,5520.0,5640.0,5520.0,5635.0,5017.1591796875,135904500.0
2019-02-01,5680.0,5750.0,5560.0,5635.0,5017.1591796875,57719500.0
2019-02-04,5635.0,5635.0,5500.0,5500.0,4896.9599609375,113846500.0
2019-02-05,5500.0,5500.0,5500.0,5500.0,4896.9599609375,0.0
2019-02-06,5500.0,5540.0,5495.0,5535.0,4928.1240234375,121996500.0
2019-02-07,5535.0,5535.0,5505.0,5530.0,4923.671875,63697500.0
2019-02-08,5530.0,5535.0,5500.0,5520.0,4914.76806640625,65268500.0
2019-02-11,5520.0,5530.0,5460.0,5495.0,4892.50927734375,37639000.0
2019-02-12,5530.0,5530.0,5450.0,5460.0,4861.34716796875,95883500.0
2019-02-13,5460.0,5490.0,5410.0,5420.0,4825.732421875,103115500.0
2019-02-14,5405.0,5405.0,5380.0,5380.0,4790.1181640625,108738500.0
2019-02-15,5360.0,5410.0,5335.0,5360.0,4772.31103515625,81340000.0
2019-02-18,5410.0,5500.0,5410.0,5480.0,4879.15380859375,62991000.0
2019-02-19,5420.0,5480.0,5380.0,5380.0,4790.1181640625,64469000.0
2019-02-20,5450.0,5595.0,5440.0,5500.0,4896.9599609375,89583000.0
2019-02-21,5540.0,5560.0,5470.0,5505.0,4901.41259765625,54561500.0
2019-02-22,5475.0,5525.0,5460.0,5490.0,4888.056640625,48271500.0
2019-02-25,5490.0,5500.0,5455.0,5490.0,4888.056640625,47887000.0
2019-02-26,5500.0,5555.0,5495.0,5555.0,4945.93115234375,98446000.0
2019-02-27,5565.0,5570.0,5545.0,5565.0,4954.83447265625,78519500.0
2019-02-28,5570.0,5580.0,5510.0,5515.0,4910.31591796875,99366000.0
2019-03-01,5565.0,5600.0,5535.0,5540.0,4932.57568359375,72589500.0
2019-03-04,5520.0,5540.0,5515.0,5535.0,4928.1240234375,63910500.0
2019-03-05,5500.0,5505.0,5440.0,5495.0,4892.50927734375,46499500.0
2019-03-06,5555.0,5555.0,5490.0,5490.0,4888.056640625,37777000.0
2019-03-07,5490.0,5490.0,5490.0,5490.0,4888.056640625,0.0
2019-03-08,5545.0,5570.0,5440.0,5440.0,4843.5400390625,61126000.0
2019-03-11,5530.0,5530.0,5460.0,5505.0,4901.41259765625,32469000.0
2019-03-12,5540.0,5540.0,5450.0,5500.0,4896.9599609375,40178500.0
2019-03-13,5450.0,5505.0,5450.0,5500.0,4896.9599609375,17722000.0
2019-03-14,5450.0,5495.0,5450.0,5480.0,4879.15380859375,41096000.0
2019-03-15,5520.0,5545.0,5485.0,5540.0,4932.57568359375,41759500.0
2019-03-18,5555.0,5560.0,5535.0,5550.0,4941.4794921875,42791000.0
2019-03-19,5540.0,5545.0,5485.0,5490.0,4888.056640625,51527000.0
2019-03-20,5540.0,5555.0,5465.0,5470.0,4870.25,42388500.0
2019-03-21,5490.0,5520.0,5465.0,5475.0,4874.70263671875,39866000.0
2019-03-22,5465.0,5500.0,5465.0,5485.0,4883.60546875,29601000.0
2019-03-25,5440.0,5500.0,5440.0,5455.0,4856.89501953125,23054500.0
2019-03-26,5480.0,5510.0,5455.0,5470.0,4870.25,19895500.0
2019-03-27,5510.0,5510.0,5460.0,5485.0,4883.60546875,17804500.0
2019-03-28,5460.0,5485.0,5425.0,5470.0,4870.25,32187500.0
2019-03-29,5515.0,5530.0,5460.0,5510.0,4905.86376953125,36234000.0
2019-04-01,5550.0,5550.0,5480.0,5500.0,4896.9599609375,21786000.0
2019-04-02,5530.0,5570.0,5480.0,5500.0,4896.9599609375,36853000.0
2019-04-03,5500.0,5500.0,5500.0,5500.0,4896.9599609375,0.0
2019-04-04,5540.0,5560.0,5490.0,5540.0,4932.57568359375,48112000.0
2019-04-05,5560.0,5560.0,5525.0,5530.0,4923.671875,21913500.0
2019-04-08,5505.0,5540.0,5450.0,5480.0,4879.15380859375,39910000.0
2019-04-09,5535.0,5550.0,5515.0,5535.0,4928.1240234375,29447000.0
2019-04-10,5550.0,5555.0,5515.0,5525.0,4919.22021484375,19508500.0
2019-04-11,5560.0,5560.0,5480.0,5480.0,4879.15380859375,25356000.0
2019-04-12,5460.0,5510.0,5460.0,5500.0,4896.9599609375,18577000.0
2019-04-15,5560.0,5570.0,5490.0,5505.0,4901.41259765625,68152000.0
2019-04-16,5495.0,5505.0,5475.0,5495.0,4892.50927734375,71017000.0
2019-04-17,5495.0,5495.0,5495.0,5495.0,4892.50927734375,0.0
2019-04-18,5600.0,5805.0,5580.0,5625.0,5008.25634765625,129332500.0
2019-04-19,5625.0,5625.0,5625.0,5625.0,5008.25634765625,0.0
2019-04-22,5625.0,5680.0,5585.0,5625.0,5008.25634765625,62837500.0
2019-04-23,5680.0,5710.0,5595.0,5630.0,5012.7080078125,48654000.0
2019-04-24,5640.0,5640.0,5600.0,5630.0,5058.53076171875,46975000.0
2019-04-25,5535.0,5620.0,5525.0,5595.0,5027.0830078125,61482500.0
2019-04-26,5585.0,5645.0,5570.0,5620.0,5049.54541015625,66204500.0
2019-04-29,5610.0,5695.0,5595.0,5685.0,5107.9482421875,65480500.0
2019-04-30,5670.0,5760.0,5670.0,5750.0,5166.35009765625,107607500.0
2019-05-01,5750.0,5750.0,5750.0,5750.0,5166.35009765625,0.0
2019-05-02,5800.0,5810.0,5675.0,5685.0,5107.9482421875,80879500.0
2019-05-03,5680.0,5750.0,5615.0,5675.0,5098.962890625,58244500.0
2019-05-06,5600.0,5660.0,5595.0,5620.0,5049.54541015625,36649500.0
2019-05-07,5675.0,5710.0,5650.0,5660.0,5085.48486328125,59177000.0
2019-05-08,5600.0,5700.0,5595.0,5700.0,5121.42578125,59062000.0
2019-05-09,5700.0,5700.0,5625.0,5630.0,5058.53076171875,126636500.0
2019-05-10,5610.0,5680.0,5600.0,5610.0,5040.56005859375,76130500.0
2019-05-13,5680.0,5695.0,5600.0,5610.0,5040.56005859375,63720500.0
2019-05-14,5560.0,5630.0,5495.0,5495.0,4937.23388671875,114800500.0
2019-05-15,5555.0,5555.0,5445.0,5460.0,4905.78662109375,72065000.0
2019-05-16,5460.0,5480.0,5280.0,5280.0,4744.056640625,87939000.0
2019-05-17,5280.0,5310.0,5180.0,5180.0,4654.20703125,74207000.0
2019-05-20,5180.0,5390.0,5140.0,5380.0,4833.90625,54764500.0
2019-05-21,5470.0,5495.0,5400.0,5460.0,4905.78662109375,97371000.0
2019-05-22,5530.0,5530.0,5400.0,5460.0,4905.78662109375,38519000.0
2019-05-23,5440.0,5605.0,5340.0,5605.0,5036.068359375,54926000.0
2019-05-24,5610.0,5630.0,5605.0,5610.0,5040.56005859375,37402000.0
2019-05-27,5535.0,5700.0,5530.0,5685.0,5107.9482421875,68564000.0
2019-05-28,5655.0,5770.0,5655.0,5735.0,5152.873046875,209923000.0
2019-05-29,5800.0,5895.0,5730.0,5740.0,5157.365234375,133044500.0
2019-05-30,5740.0,5740.0,5740.0,5740.0,5157.365234375,0.0
2019-05-31,5740.0,5870.0,5735.0,5820.0,5229.24462890625,96875000.0
2019-06-03,5820.0,5820.0,5820.0,5820.0,5229.24462890625,0.0
2019-06-04,5820.0,5820.0,5820.0,5820.0,5229.24462890625,0.0
2019-06-05,5820.0,5820.0,5820.0,5820.0,5229.24462890625,0.0
2019-06-06,5820.0,5820.0,5820.0,5820.0,5229.24462890625,0.0
2019-06-07,5820.0,5820.0,5820.0,5820.0,5229.24462890625,0.0
2019-06-10,6000.0,6190.0,5810.0,5880.0,5283.15478515625,179238000.0
2019-06-11,5900.0,5960.0,5845.0,5910.0,5310.10986328125,72901000.0
2019-06-12,5840.0,5900.0,5820.0,5845.0,5251.70751953125,69255500.0
2019-06-13,5885.0,5885.0,5790.0,5805.0,5215.76708984375,78802500.0
2019-06-14,5845.0,5845.0,5790.0,5800.0,5211.27490234375,57220500.0
2019-06-17,5810.0,5840.0,5790.0,5795.0,5206.78173828125,83624000.0
2019-06-18,5795.0,5900.0,5795.0,5900.0,5301.1240234375,78788000.0
2019-06-19,5900.0,5960.0,5890.0,5940.0,5337.06396484375,66944500.0
2019-06-20,5900.0,5940.0,5805.0,5910.0,5310.10986328125,59504500.0
2019-06-21,5910.0,5935.0,5840.0,5880.0,5283.15478515625,144149000.0
2019-06-24,5895.0,5900.0,5865.0,5875.0,5278.66259765625,30084000.0
2019-06-25,5930.0,5960.0,5875.0,5910.0,5310.10986328125,40561500.0
2019-06-26,5940.0,5940.0,5860.0,5865.0,5269.6767578125,59334500.0
2019-06-27,5850.0,5935.0,5805.0,5935.0,5332.57177734375,77525000.0
2019-06-28,5980.0,5995.0,5960.0,5995.0,5386.48046875,80919000.0
2019-07-01,5995.0,6025.0,5965.0,5990.0,5381.98974609375,56612500.0
2019-07-02,5990.0,6000.0,5950.0,6000.0,5390.97314453125,48563500.0
2019-07-03,5950.0,6000.0,5940.0,6000.0,5390.97314453125,43640000.0
2019-07-04,6000.0,6010.0,5965.0,5990.0,5381.98974609375,28224500.0
2019-07-05,6020.0,6020.0,5970.0,5970.0,5364.01904296875,32722500.0
2019-07-08,5935.0,5960.0,5865.0,5880.0,5283.15478515625,38361000.0
2019-07-09,5870.0,6000.0,5870.0,6000.0,5390.97314453125,47740500.0
2019-07-10,6000.0,6040.0,5995.0,6000.0,5390.97314453125,52183500.0
2019-07-11,6020.0,6025.0,5980.0,6025.0,5413.4365234375,34279500.0
2019-07-12,6000.0,6030.0,5995.0,6010.0,5399.95849609375,29838000.0
2019-07-15,6060.0,6115.0,6035.0,6105.0,5485.31591796875,61453500.0
2019-07-16,6080.0,6105.0,6070.0,6085.0,5467.34619140625,38075000.0
2019-07-17,6080.0,6150.0,6045.0,6150.0,5525.7490234375,45487000.0
2019-07-18,6100.0,6170.0,6055.0,6145.0,5521.25634765625,43625500.0
2019-07-19,6195.0,6210.0,6150.0,6200.0,5570.67333984375,43973500.0
2019-07-22,6260.0,6290.0,6200.0,6290.0,5651.537109375,37314500.0
2019-07-23,6240.0,6290.0,6205.0,6235.0,5602.12060546875,39129500.0
2019-07-24,6260.0,6265.0,6165.0,6250.0,5615.59814453125,51343500.0
2019-07-25,6270.0,6275.0,6200.0,6250.0,5615.59814453125,53477500.0
2019-07-26,6250.0,6250.0,6190.0,6195.0,5566.18017578125,51797500.0
2019-07-29,6220.0,6230.0,6160.0,6190.0,5561.6884765625,68509500.0
2019-07-30,6205.0,6250.0,6190.0,6220.0,5588.64306640625,38225500.0
2019-07-31,6190.0,6240.0,6180.0,6190.0,5561.6884765625,64129000.0
2019-08-01,6190.0,6270.0,6185.0,6210.0,5579.65771484375,78228000.0
2019-08-02,6160.0,6205.0,6160.0,6165.0,5539.2255859375,62989500.0
2019-08-05,6215.0,6215.0,6000.0,6000.0,5390.97314453125,90924000.0
2019-08-06,5880.0,5955.0,5765.0,5880.0,5283.15478515625,183296000.0
2019-08-07,5975.0,6050.0,5905.0,6010.0,5399.95849609375,92102000.0
2019-08-08,6010.0,6080.0,5980.0,6005.0,5395.46630859375,58295500.0
2019-08-09,6055.0,6120.0,6055.0,6065.0,5449.3759765625,48118500.0
2019-08-12,6070.0,6080.0,6000.0,6040.0,5426.91455078125,52705000.0
2019-08-13,6000.0,6040.0,6000.0,6015.0,5404.451171875,84406000.0
2019-08-14,6040.0,6060.0,5980.0,6010.0,5399.95849609375,81942000.0
2019-08-15,5920.0,6000.0,5860.0,6000.0,5390.97314453125,52561500.0
2019-08-16,6040.0,6040.0,5960.0,5960.0,5355.03369140625,49821500.0
2019-08-19,6030.0,6030.0,5965.0,6015.0,5404.451171875,30619000.0
2019-08-20,6035.0,6035.0,5985.0,5985.0,5377.49658203125,58393500.0
2019-08-21,6000.0,6005.0,5975.0,5975.0,5368.51123046875,55927500.0
2019-08-22,5925.0,6000.0,5920.0,6000.0,5390.97314453125,65888000.0
2019-08-23,5920.0,5995.0,5905.0,5995.0,5386.48046875,33083500.0
2019-08-26,5940.0,6000.0,5860.0,5990.0,5381.98974609375,41388500.0
2019-08-27,6040.0,6040.0,5950.0,6005.0,5395.46630859375,123780000.0
2019-08-28,6000.0,6020.0,5985.0,5995.0,5386.48046875,55688000.0
2019-08-29,5990.0,6025.0,5985.0,6005.0,5395.46630859375,51525500.0
2019-08-30,6080.0,6100.0,6005.0,6100.0,5480.8232421875,73650000.0
2019-09-02,6100.0,6100.0,6000.0,6000.0,5390.97314453125,42429000.0
2019-09-03,6000.0,6055.0,6000.0,6055.0,5440.39111328125,42743500.0
2019-09-04,6060.0,6060.0,6005.0,6020.0,5408.94384765625,41979000.0
2019-09-05,6085.0,6085.0,6015.0,6040.0,5426.91455078125,53650500.0
2019-09-06,6060.0,6060.0,6025.0,6025.0,5413.4365234375,54349000.0
2019-09-09,6050.0,6055.0,5980.0,6035.0,5422.4208984375,25912000.0
2019-09-10,6020.0,6055.0,5985.0,6055.0,5440.39111328125,40291000.0
2019-09-11,6050.0,6100.0,6010.0,6100.0,5480.8232421875,45243500.0
2019-09-12,6100.0,6105.0,6010.0,6020.0,5408.94384765625,40034000.0
2019-09-13,6080.0,6090.0,6010.0,6030.0,5417.9287109375,28419500.0
2019-09-16,6000.0,6015.0,5985.0,6005.0,5395.46630859375,77289000.0
2019-09-17,5990.0,6035.0,5985.0,6030.0,5417.9287109375,92037500.0
2019-09-18,5990.0,6040.0,5990.0,6040.0,5426.91455078125,28667000.0
2019-09-19,6015.0,6045.0,6000.0,6030.0,5417.9287109375,61988500.0
2019-09-20,6050.0,6050.0,5990.0,5990.0,5381.98974609375,133433000.0
2019-09-23,6030.0,6030.0,6000.0,6025.0,5413.4365234375,47231500.0
2019-09-24,5980.0,6000.0,5940.0,5945.0,5341.55712890625,79718500.0
2019-09-25,5900.0,5935.0,5780.0,5935.0,5332.57177734375,88620000.0
2019-09-26,6000.0,6060.0,5970.0,6060.0,5444.8828125,109859000.0
2019-09-27,6005.0,6075.0,6000.0,6070.0,5453.869140625,48010000.0
2019-09-30,6070.0,6070.0,6005.0,6070.0,5453.869140625,73391000.0
2019-10-01,6010.0,6065.0,6010.0,6040.0,5426.91455078125,40057000.0
2019-10-02,6010.0,6070.0,6010.0,6050.0,5435.8994140625,52376500.0
2019-10-03,6010.0,6045.0,5950.0,6040.0,5426.91455078125,50269000.0
2019-10-04,5980.0,6065.0,5980.0,6045.0,5431.40625,56890500.0
2019-10-07,6070.0,6080.0,6050.0,6070.0,5453.869140625,56705500.0
2019-10-08,6080.0,6100.0,6015.0,6100.0,5480.8232421875,46997500.0
2019-10-09,6100.0,6100.0,6050.0,6070.0,5453.869140625,41496500.0
2019-10-10,6020.0,6110.0,6020.0,6110.0,5489.80810546875,65806500.0
2019-10-11,6080.0,6155.0,6080.0,6125.0,5503.2861328125,40863500.0
2019-10-14,6130.0,6200.0,6130.0,6200.0,5570.67333984375,37514500.0
2019-10-15,6190.0,6190.0,6145.0,6175.0,5548.2109375,40935000.0
2019-10-16,6200.0,6215.0,6175.0,6215.0,5584.150390625,65776500.0
2019-10-17,6185.0,6210.0,6105.0,6115.0,5494.2998046875,45666500.0
2019-10-18,6160.0,6170.0,6140.0,6160.0,5534.7333984375,41008500.0
2019-10-21,6200.0,6255.0,6185.0,6220.0,5588.64306640625,59971500.0
2019-10-22,6270.0,6300.0,6225.0,6300.0,5660.52197265625,67259500.0
2019-10-23,6300.0,6305.0,6260.0,6275.0,5638.06005859375,62219000.0
2019-10-24,6290.0,6320.0,6270.0,6300.0,5660.52197265625,73101000.0
2019-10-25,6320.0,6325.0,6175.0,6200.0,5570.67333984375,61929500.0
2019-10-28,6200.0,6250.0,6200.0,6205.0,5575.16552734375,43249500.0
2019-10-29,6205.0,6240.0,6150.0,6220.0,5588.64306640625,79861500.0
2019-10-30,6280.0,6285.0,6200.0,6265.0,5629.0751953125,60738000.0
2019-10-31,6270.0,6300.0,6250.0,6290.0,5651.537109375,58420500.0
2019-11-01,6300.0,6325.0,6275.0,6325.0,5682.98486328125,42080500.0
2019-11-04,6350.0,6380.0,6260.0,6275.0,5638.06005859375,43794500.0
2019-11-05,6350.0,6360.0,6270.0,6360.0,5714.43212890625,66161500.0
2019-11-06,6380.0,6380.0,6295.0,6295.0,5656.0302734375,63393000.0
2019-11-07,6335.0,6335.0,6250.0,6285.0,5647.04541015625,61972000.0
2019-11-08,6315.0,6315.0,6250.0,6280.0,5642.55322265625,90040500.0
2019-11-11,6335.0,6340.0,6265.0,6295.0,5656.0302734375,70207000.0
2019-11-12,6220.0,6280.0,6220.0,6265.0,5629.0751953125,47635500.0
2019-11-13,6265.0,6285.0,6265.0,6280.0,5642.55322265625,40083500.0
2019-11-14,6265.0,6280.0,6210.0,6270.0,5633.568359375,37862000.0
2019-11-15,6280.0,6290.0,6255.0,6275.0,5638.06005859375,47138000.0
2019-11-18,6245.0,6285.0,6210.0,6280.0,5642.55322265625,65599000.0
2019-11-19,6330.0,6350.0,6300.0,6315.0,5673.99951171875,60115000.0
2019-11-20,6255.0,6350.0,6255.0,6350.0,5705.447265625,43229500.0
2019-11-21,6350.0,6350.0,6300.0,6300.0,5660.52197265625,57523500.0
2019-11-22,6280.0,6310.0,6270.0,6305.0,5665.01416015625,56035000.0
2019-11-25,6330.0,6335.0,6275.0,6275.0,5638.06005859375,55133500.0
2019-11-26,6330.0,6330.0,6270.0,6285.0,5647.04541015625,192783500.0
2019-11-27,6270.0,6300.0,6240.0,6300.0,5660.52197265625,58833500.0
2019-11-28,6295.0,6295.0,6245.0,6250.0,5615.59814453125,44248000.0
2019-11-29,6230.0,6295.0,6225.0,6280.0,5642.55322265625,52954500.0
2019-12-02,6280.0,6425.0,6270.0,6425.0,5772.83447265625,49909000.0
2019-12-03,6420.0,6420.0,6345.0,6375.0,5727.91015625,42823000.0
2019-12-04,6360.0,6400.0,6355.0,6365.0,5718.92529296875,37552000.0
2019-12-05,6360.0,6385.0,6330.0,6340.0,5696.4619140625,54168000.0
2019-12-06,6340.0,6395.0,6320.0,6395.0,5764.06298828125,69920500.0
2019-12-09,6370.0,6395.0,6360.0,6395.0,5764.06298828125,51667500.0
2019-12-10,6395.0,6400.0,6360.0,6365.0,5737.02294921875,57654000.0
2019-12-11,6365.0,6385.0,6350.0,6380.0,5750.54296875,48469000.0
2019-12-12,6400.0,6405.0,6340.0,6340.0,5714.4892578125,79198500.0
2019-12-13,6395.0,6420.0,6350.0,6360.0,5732.51611328125,70822500.0
2019-12-16,6340.0,6395.0,6340.0,6360.0,5732.51611328125,78684000.0
2019-12-17,6395.0,6500.0,6365.0,6500.0,5858.70361328125,102914500.0
2019-12-18,6500.0,6800.0,6440.0,6755.0,6088.5458984375,181804000.0
2019-12-19,6700.0,6720.0,6590.0,6600.0,5948.83740234375,74171000.0
2019-12-20,6680.0,6740.0,6610.0,6660.0,6002.91796875,99453000.0
2019-12-23,6680.0,6730.0,6650.0,6660.0,6002.91796875,46558500.0
2019-12-26,6660.0,6725.0,6660.0,6680.0,6020.9443359375,38188500.0
2019-12-27,6670.0,6700.0,6670.0,6695.0,6034.46484375,29945000.0
2019-12-30,6680.0,6720.0,6670.0,6685.0,6025.451171875,61168000.0
2020-01-02,6695.0,6780.0,6680.0,6690.0,6029.9580078125,49445000.0
2020-01-03,6750.0,6800.0,6725.0,6800.0,6129.1044921875,47755500.0
2020-01-06,6720.0,6750.0,6690.0,6735.0,6070.5185546875,27300000.0
2020-01-07,6735.0,6770.0,6730.0,6740.0,6075.025390625,45022500.0
2020-01-08,6670.0,6745.0,6670.0,6680.0,6020.9443359375,53692500.0
2020-01-09,6740.0,6755.0,6730.0,6740.0,6075.025390625,40363500.0
2020-01-10,6765.0,6825.0,6710.0,6725.0,6061.5048828125,73362000.0
2020-01-13,6740.0,6760.0,6735.0,6745.0,6079.53173828125,67855000.0
2020-01-14,6745.0,6885.0,6740.0,6870.0,6192.19921875,93582000.0
2020-01-15,6870.0,7060.0,6800.0,6835.0,6160.65185546875,75623500.0
2020-01-16,6805.0,6890.0,6795.0,6850.0,6174.17236328125,88931500.0
2020-01-17,6840.0,6890.0,6800.0,6875.0,6196.7060546875,38249500.0
2020-01-20,6950.0,6975.0,6830.0,6835.0,6160.65185546875,93554500.0
2020-01-21,6885.0,6895.0,6825.0,6830.0,6156.14501953125,103984500.0
2020-01-22,6855.0,6895.0,6835.0,6840.0,6165.1591796875,94311500.0
2020-01-23,6885.0,6895.0,6830.0,6840.0,6165.1591796875,87728000.0
2020-01-24,6820.0,6880.0,6810.0,6810.0,6138.11865234375,69653500.0
2020-01-27,6865.0,6940.0,6815.0,6840.0,6165.1591796875,39679000.0
2020-01-28,6835.0,6845.0,6755.0,6790.0,6120.0927734375,82615000.0
2020-01-29,6800.0,6845.0,6770.0,6785.0,6115.5849609375,43821000.0
2020-01-30,6845.0,6845.0,6730.0,6740.0,6075.025390625,71990000.0
2020-01-31,6800.0,6805.0,6480.0,6480.0,5840.6767578125,163136500.0
2020-02-03,6480.0,6585.0,6370.0,6440.0,5804.6240234375,149797000.0
2020-02-04,6570.0,6620.0,6520.0,6600.0,5948.83740234375,113316500.0
2020-02-05,6780.0,6780.0,6650.0,6730.0,6066.01171875,123002500.0
2020-02-06,6740.0,6780.0,6680.0,6740.0,6075.025390625,154693500.0
2020-02-07,6710.0,6780.0,6705.0,6760.0,6093.05126953125,82609000.0
2020-02-10,6760.0,6785.0,6630.0,6785.0,6115.5849609375,66578500.0
2020-02-11,6785.0,6785.0,6745.0,6780.0,6111.078125,77526500.0
2020-02-12,6800.0,6800.0,6760.0,6800.0,6129.1044921875,69971500.0
2020-02-13,6820.0,6820.0,6740.0,6790.0,6120.0927734375,49737000.0
2020-02-14,6780.0,6795.0,6675.0,6680.0,6020.9443359375,147028500.0
2020-02-17,6680.0,6750.0,6680.0,6720.0,6056.998046875,115319000.0
2020-02-18,6685.0,6720.0,6670.0,6695.0,6034.46484375,98436500.0
2020-02-19,6665.0,6760.0,6665.0,6695.0,6034.46484375,74594000.0
2020-02-20,6690.0,6695.0,6565.0,6595.0,5944.33056640625,136724500.0
2020-02-21,6600.0,6660.0,6595.0,6615.0,5962.35791015625,98261000.0
2020-02-24,6565.0,6600.0,6510.0,6525.0,5881.2373046875,84910000.0
2020-02-25,6550.0,6560.0,6510.0,6530.0,5885.744140625,86446500.0
2020-02-26,6500.0,6535.0,6420.0,6420.0,5786.59619140625,92824500.0
2020-02-27,6470.0,6475.0,6200.0,6290.0,5669.421875,129254500.0
2020-02-28,6200.0,6290.0,6035.0,6290.0,5669.421875,169946500.0
2020-03-02,6290.0,6290.0,6035.0,6080.0,5480.14111328125,144871500.0
2020-03-03,6200.0,6350.0,6200.0,6320.0,5696.4619140625,114663500.0
2020-03-04,6315.0,6500.0,6260.0,6440.0,5804.6240234375,83025000.0
2020-03-05,6540.0,6540.0,6340.0,6435.0,5800.11669921875,77583000.0
2020-03-06,6350.0,6350.0,6200.0,6200.0,5588.3017578125,77835500.0
2020-03-09,6000.0,6040.0,5785.0,5785.0,5214.24609375,140889500.0
2020-03-10,5840.0,6010.0,5840.0,5925.0,5340.43310546875,133667000.0
2020-03-11,5950.0,5980.0,5790.0,5850.0,5272.8330078125,93204500.0
2020-03-12,5600.0,5640.0,5460.0,5560.0,5011.4443359375,129845500.0
2020-03-13,5560.0,5560.0,5560.0,5560.0,5011.4443359375,0.0
2020-03-16,5560.0,5560.0,5560.0,5560.0,5011.4443359375,0.0
2020-03-17,5495.0,5505.0,5120.0,5120.0,4614.85595703125,212200000.0
2020-03-18,5120.0,5380.0,4765.0,5000.0,4506.6953125,180053500.0
2020-03-19,4995.0,4995.0,4650.0,4650.0,4191.2265625,264419000.0
2020-03-20,4600.0,5385.0,4325.0,4735.0,4267.8408203125,335132000.0
2020-03-23,4760.0,5000.0,4405.0,4430.0,3992.931640625,217843500.0
2020-03-24,4450.0,4995.0,4450.0,4500.0,4056.025390625,253971000.0
2020-03-26,4650.0,5395.0,4650.0,5280.0,4759.0703125,331633000.0
2020-03-27,5360.0,5895.0,5355.0,5510.0,4966.37744140625,269683000.0
2020-03-30,5480.0,5555.0,5155.0,5495.0,4952.85791015625,159964500.0
2020-03-31,5660.0,5710.0,5485.0,5525.0,4979.8974609375,182638500.0
2020-04-01,5560.0,5750.0,5425.0,5480.0,4939.337890625,152831500.0
2020-04-02,5470.0,5470.0,5360.0,5410.0,4876.24365234375,136623500.0
2020-04-03,5460.0,5530.0,5365.0,5495.0,4952.85791015625,110506000.0
2020-04-06,5520.0,5740.0,5495.0,5735.0,5169.17919921875,78184000.0
2020-04-07,5735.0,6100.0,5580.0,5655.0,5097.0712890625,149153500.0
2020-04-08,5655.0,5660.0,5480.0,5635.0,5079.044921875,106111500.0
2020-04-09,5600.0,5695.0,5500.0,5595.0,5042.9912109375,89997000.0
2020-04-13,5540.0,5615.0,5480.0,5500.0,4957.36474609375,58043000.0
2020-04-14,5505.0,5590.0,5445.0,5515.0,4970.884765625,95796000.0
2020-04-15,5515.0,5630.0,5445.0,5485.0,4943.8447265625,95342000.0
2020-04-16,5485.0,5520.0,5185.0,5240.0,4723.0166015625,176990500.0
2020-04-17,5300.0,5445.0,5280.0,5425.0,4889.7646484375,160935500.0
2020-04-20,5430.0,5500.0,5330.0,5355.0,4826.67041015625,90744000.0
2020-04-21,5355.0,5355.0,5160.0,5160.0,4731.310546875,73431000.0
2020-04-22,5160.0,5235.0,5045.0,5145.0,4717.55615234375,107263500.0
2020-04-23,5180.0,5245.0,5120.0,5120.0,4694.63427734375,105419500.0
2020-04-24,5120.0,5140.0,4920.0,4920.0,4511.24951171875,131149500.0
2020-04-27,4940.0,5020.0,4855.0,4960.0,4547.92626953125,151103500.0
2020-04-28,4960.0,4975.0,4805.0,4830.0,4428.7275390625,180488000.0
2020-04-29,4825.0,4850.0,4800.0,4850.0,4447.06591796875,121161000.0
2020-04-30,4880.0,5250.0,4880.0,5170.0,4740.47900390625,174081000.0
2020-05-04,5150.0,5300.0,5000.0,5220.0,4786.326171875,114497500.0
2020-05-05,5220.0,5340.0,5200.0,5285.0,4845.92578125,118643500.0
2020-05-06,5315.0,5370.0,5300.0,5355.0,4910.109375,86395500.0
2020-05-08,5345.0,5400.0,5150.0,5245.0,4809.24853515625,123028000.0
2020-05-11,5245.0,5325.0,5245.0,5295.0,4855.0947265625,40615500.0
2020-05-12,5340.0,5340.0,5030.0,5220.0,4786.326171875,118660000.0
2020-05-13,5160.0,5170.0,5085.0,5110.0,4685.46484375,94973000.0
2020-05-14,5070.0,5110.0,4905.0,4920.0,4511.24951171875,131268000.0
2020-05-15,4920.0,4995.0,4680.0,4785.0,4387.4658203125,205790000.0
2020-05-18,4800.0,4845.0,4750.0,4765.0,4369.12646484375,139997500.0
2020-05-19,4840.0,4960.0,4680.0,4680.0,4291.18896484375,128504500.0
2020-05-20,4720.0,4800.0,4690.0,4765.0,4369.12646484375,119158000.0
2020-05-26,4775.0,5000.0,4775.0,4970.0,4557.09521484375,176076500.0
2020-05-27,4970.0,5000.0,4855.0,4965.0,4552.51123046875,151753500.0
2020-05-28,5000.0,5320.0,5000.0,5295.0,4855.0947265625,229233000.0
2020-05-29,5295.0,5295.0,5190.0,5190.0,4758.81787109375,399414000.0
2020-06-02,5260.0,5500.0,5240.0,5360.0,4914.69482421875,181369500.0
2020-06-03,5410.0,5780.0,5400.0,5780.0,5299.80126953125,279673500.0
2020-06-04,5780.0,5990.0,5600.0,5790.0,5308.97021484375,236158500.0
2020-06-05,5790.0,5855.0,5585.0,5725.0,5249.37109375,88157500.0
2020-06-08,5755.0,5925.0,5755.0,5900.0,5409.83203125,173557500.0
2020-06-09,5940.0,5995.0,5795.0,5805.0,5322.72412109375,100110000.0
2020-06-10,5800.0,5865.0,5595.0,5800.0,5318.13916015625,115382500.0
2020-06-11,5750.0,5810.0,5605.0,5680.0,5208.109375,85187500.0
2020-06-12,5680.0,5680.0,5480.0,5670.0,5198.93994140625,96044000.0
2020-06-15,5680.0,5710.0,5500.0,5500.0,5043.06396484375,100844500.0
2020-06-16,5580.0,5795.0,5580.0,5760.0,5281.46240234375,91518500.0
2020-06-17,5800.0,5800.0,5680.0,5720.0,5244.78662109375,79800000.0
2020-06-18,5720.0,5740.0,5585.0,5585.0,5121.00244140625,68032000.0
2020-06-19,5600.0,5650.0,5545.0,5575.0,5111.83251953125,110071000.0
2020-06-22,5595.0,5660.0,5530.0,5540.0,5079.74072265625,51590500.0
2020-06-23,5570.0,5660.0,5520.0,5620.0,5153.09423828125,69954000.0
2020-06-24,5650.0,5760.0,5640.0,5705.0,5231.03271484375,57333000.0
2020-06-25,5700.0,5745.0,5640.0,5725.0,5249.37109375,51415000.0
2020-06-26,5720.0,5760.0,5640.0,5645.0,5176.017578125,57467500.0
2020-06-29,5640.0,5695.0,5585.0,5675.0,5203.52490234375,48796500.0
2020-06-30,5700.0,5740.0,5660.0,5695.0,5221.86279296875,74474000.0
2020-07-01,5700.0,5800.0,5675.0,5800.0,5318.13916015625,63959000.0
2020-07-02,5775.0,5870.0,5760.0,5870.0,5382.32421875,75585500.0
2020-07-03,5870.0,5905.0,5840.0,5870.0,5382.32421875,52219000.0
2020-07-06,5860.0,5935.0,5850.0,5935.0,5441.923828125,67800000.0
2020-07-07,5940.0,5995.0,5900.0,5990.0,5492.35498046875,74168000.0
2020-07-08,5990.0,6265.0,5980.0,6200.0,5684.90771484375,106444500.0
2020-07-09,6210.0,6240.0,6030.0,6100.0,5593.21630859375,93543500.0
2020-07-10,6100.0,6240.0,6080.0,6200.0,5684.90771484375,67224000.0
2020-07-13,6230.0,6240.0,6140.0,6175.0,5661.98486328125,86006000.0
2020-07-14,6175.0,6200.0,6110.0,6200.0,5684.90771484375,45616500.0
2020-07-15,6200.0,6240.0,6150.0,6150.0,5639.0625,61468000.0
2020-07-16,6150.0,6200.0,6140.0,6180.0,5666.56982421875,66520500.0
2020-07-17,6135.0,6180.0,6040.0,6120.0,5611.5546875,73348000.0
2020-07-20,6120.0,6160.0,6060.0,6140.0,5629.89306640625,59794500.0
2020-07-21,6100.0,6235.0,6100.0,6200.0,5684.90771484375,84159500.0
2020-07-22,6210.0,6250.0,6130.0,6180.0,5666.56982421875,44725500.0
2020-07-23,6180.0,6215.0,6140.0,6200.0,5684.90771484375,84026500.0
2020-07-24,6200.0,6200.0,6100.0,6100.0,5593.21630859375,58366500.0
2020-07-27,6100.0,6140.0,6000.0,6100.0,5593.21630859375,41972500.0
2020-07-28,6120.0,6200.0,6060.0,6185.0,5671.154296875,65279000.0
2020-07-29,6185.0,6185.0,6100.0,6135.0,5625.30810546875,50262500.0
2020-07-30,6135.0,6240.0,6055.0,6240.0,5721.58544921875,80533500.0
2020-08-03,6220.0,6235.0,5825.0,6130.0,5620.72412109375,137079000.0
2020-08-04,6155.0,6220.0,6130.0,6210.0,5694.0771484375,79357000.0
2020-08-05,6200.0,6220.0,6100.0,6205.0,5689.49267578125,49393000.0
2020-08-06,6215.0,6295.0,6185.0,6260.0,5739.92333984375,55258500.0
2020-08-07,6265.0,6285.0,6160.0,6180.0,5666.56982421875,43621000.0
2020-08-10,6180.0,6200.0,6105.0,6120.0,5611.5546875,37774500.0
2020-08-11,6140.0,6200.0,6130.0,6175.0,5661.98486328125,38795500.0
2020-08-12,6175.0,6260.0,6160.0,6260.0,5739.92333984375,35612000.0
2020-08-13,6260.0,6300.0,6180.0,6300.0,5776.599609375,48581000.0
2020-08-14,6300.0,6405.0,6240.0,6405.0,5872.876953125,57316000.0
2020-08-18,6405.0,6425.0,6300.0,6360.0,5831.61572265625,81563500.0
2020-08-19,6360.0,6410.0,6310.0,6330.0,5804.107421875,58793500.0
2020-08-24,6340.0,6380.0,6280.0,6315.0,5790.35400390625,66882500.0
2020-08-25,6320.0,6380.0,6305.0,6365.0,5836.19970703125,49211000.0
2020-08-26,6385.0,6390.0,6305.0,6340.0,5813.27685546875,42983000.0
2020-08-27,6365.0,6600.0,6340.0,6600.0,6051.67578125,68326000.0
2020-08-28,6560.0,6600.0,6425.0,6495.0,5955.39990234375,52292500.0
2020-08-31,6500.0,6540.0,6275.0,6275.0,5753.6767578125,97032000.0
2020-09-01,6280.0,6520.0,6240.0,6520.0,5978.322265625,67446000.0
2020-09-02,6520.0,6560.0,6365.0,6435.0,5900.38427734375,66065000.0
2020-09-03,6465.0,6500.0,6300.0,6500.0,5959.98388671875,68208500.0
2020-09-04,6450.0,6450.0,6265.0,6380.0,5849.95361328125,80613500.0
2020-09-07,6335.0,6360.0,6200.0,6285.0,5762.84619140625,64249500.0
2020-09-08,6285.0,6360.0,6285.0,6335.0,5808.6923828125,39649000.0
2020-09-09,6300.0,6320.0,6210.0,6245.0,5726.169921875,49285000.0
2020-09-10,6220.0,6220.0,5810.0,5810.0,5327.30908203125,175735000.0
2020-09-11,5800.0,5975.0,5620.0,5905.0,5414.41650390625,403032500.0
2020-09-14,6000.0,6115.0,5985.0,6050.0,5547.3701171875,138115000.0
2020-09-15,6040.0,6100.0,5860.0,5860.0,5373.154296875,170087000.0
2020-09-16,5860.0,5870.0,5745.0,5750.0,5272.2939453125,158565500.0
2020-09-17,5750.0,5855.0,5665.0,5755.0,5276.8779296875,138796000.0
2020-09-18,5700.0,5735.0,5570.0,5630.0,5162.263671875,316912000.0
2020-09-21,5640.0,5735.0,5595.0,5605.0,5139.3408203125,112443000.0
2020-09-22,5520.0,5565.0,5430.0,5450.0,4997.21728515625,163442500.0
2020-09-23,5450.0,5585.0,5425.0,5505.0,5047.64892578125,100517000.0
2020-09-24,5430.0,5535.0,5390.0,5445.0,4992.63330078125,88618500.0
2020-09-25,5480.0,5625.0,5460.0,5610.0,5143.9248046875,100705000.0
2020-09-28,5650.0,5695.0,5500.0,5515.0,5056.8173828125,93522000.0
2020-09-29,5575.0,5635.0,5460.0,5505.0,5047.64892578125,117778500.0
2020-09-30,5565.0,5565.0,5420.0,5420.0,4969.70947265625,107377000.0
2020-10-01,5485.0,5570.0,5480.0,5570.0,5107.24853515625,56893000.0
2020-10-02,5560.0,5565.0,5440.0,5505.0,5047.64892578125,66848000.0
2020-10-05,5515.0,5560.0,5460.0,5520.0,5061.40283203125,58291000.0
2020-10-06,5630.0,5715.0,5600.0,5700.0,5226.447265625,141955500.0
2020-10-07,5600.0,5755.0,5580.0,5755.0,5276.8779296875,89937500.0
2020-10-08,5790.0,5800.0,5710.0,5780.0,5299.80126953125,77384500.0
2020-10-09,5750.0,5775.0,5720.0,5775.0,5295.216796875,54250500.0
2020-10-12,5840.0,5875.0,5830.0,5855.0,5368.57080078125,82918500.0
2020-10-13,5840.0,5860.0,5770.0,5855.0,5368.57080078125,48250500.0
2020-10-14,5840.0,5900.0,5810.0,5900.0,5409.83203125,83117500.0
2020-10-15,5875.0,5880.0,5760.0,5785.0,5304.38623046875,82067000.0
2020-10-16,5785.0,5790.0,5730.0,5760.0,5281.46240234375,89051500.0
2020-10-19,5750.0,5900.0,5710.0,5900.0,5409.83203125,56871500.0
2020-10-20,5880.0,5880.0,5785.0,5805.0,5322.72412109375,74995500.0
2020-10-21,5860.0,5865.0,5730.0,5780.0,5299.80126953125,77944000.0
2020-10-22,5740.0,5800.0,5705.0,5800.0,5318.13916015625,96872500.0
2020-10-23,5840.0,5840.0,5750.0,5770.0,5290.63232421875,66328000.0
2020-10-26,5725.0,5835.0,5725.0,5815.0,5331.8935546875,70452500.0
2020-10-27,5815.0,5830.0,5755.0,5790.0,5308.97021484375,89482000.0
2020-11-02,5760.0,5825.0,5720.0,5820.0,5336.478515625,151006500.0
2020-11-03,5840.0,5895.0,5835.0,5890.0,5400.66259765625,78152000.0
2020-11-04,5900.0,5940.0,5785.0,5820.0,5336.478515625,78626000.0
2020-11-05,5900.0,6180.0,5900.0,6150.0,5639.0625,161090000.0
2020-11-06,6160.0,6300.0,6060.0,6300.0,5776.599609375,137303500.0
2020-11-09,6300.0,6400.0,6215.0,6285.0,5762.84619140625,82739500.0
2020-11-10,6395.0,6600.0,6380.0,6480.0,5941.6455078125,191073500.0
2020-11-11,6540.0,6565.0,6480.0,6540.0,5996.6611328125,131383500.0
2020-11-12,6410.0,6495.0,6405.0,6420.0,5886.63037109375,83082500.0
2020-11-13,6420.0,6450.0,6320.0,6390.0,5859.123046875,82374500.0
2020-11-16,6485.0,6485.0,6385.0,6480.0,5941.6455078125,54905000.0
2020-11-17,6500.0,6565.0,6490.0,6550.0,6005.83056640625,119784000.0
2020-11-18,6550.0,6575.0,6540.0,6570.0,6024.16943359375,99789000.0
2020-11-19,6520.0,6640.0,6515.0,6615.0,6065.43017578125,147346500.0
2020-11-20,6640.0,6650.0,6550.0,6600.0,6051.67578125,68468500.0
2020-11-23,6600.0,6610.0,6550.0,6600.0,6051.67578125,75265500.0
2020-11-24,6600.0,6600.0,6545.0,6565.0,6019.58447265625,72349500.0
2020-11-25,6580.0,6585.0,6380.0,6410.0,5877.4609375,170140500.0
2020-11-26,6350.0,6490.0,6300.0,6480.0,5941.6455078125,64339000.0
2020-11-27,6480.0,6490.0,6380.0,6385.0,5854.5380859375,87361500.0
2020-11-30,6385.0,6400.0,6135.0,6205.0,5689.49267578125,393091500.0
2020-12-01,6220.0,6435.0,6220.0,6395.0,5863.7080078125,114563500.0
2020-12-02,6460.0,6485.0,6340.0,6450.0,5914.138671875,93897500.0
2020-12-03,6500.0,6525.0,6425.0,6460.0,5923.3076171875,98210000.0
2020-12-04,6460.0,6465.0,6360.0,6390.0,5859.123046875,64995500.0
2020-12-07,6500.0,6580.0,6480.0,6520.0,5978.322265625,96636000.0
2020-12-08,6520.0,6520.0,6425.0,6490.0,5950.8154296875,70561500.0
2020-12-10,6590.0,6600.0,6540.0,6575.0,6047.015625,151420500.0
2020-12-11,6600.0,6780.0,6595.0,6735.0,6194.16796875,214160000.0
2020-12-14,6800.0,6830.0,6795.0,6820.0,6272.34130859375,179785500.0
2020-12-15,6830.0,6900.0,6605.0,6790.0,6244.7509765625,164024500.0
2020-12-16,6860.0,6950.0,6840.0,6950.0,6391.90283203125,138674000.0
2020-12-17,6965.0,7000.0,6820.0,6935.0,6378.1064453125,91920000.0
2020-12-18,6935.0,6935.0,6755.0,6800.0,6253.947265625,147238500.0
2020-12-21,6890.0,6890.0,6800.0,6830.0,6281.5390625,93692500.0
2020-12-22,6740.0,6820.0,6710.0,6715.0,6175.7734375,61790500.0
2020-12-23,6905.0,6905.0,6620.0,6725.0,6184.97021484375,76948000.0
2020-12-28,6790.0,6820.0,6660.0,6780.0,6235.55322265625,60234000.0
2020-12-29,6775.0,6810.0,6740.0,6765.0,6221.75830078125,34212500.0
2020-12-30,6800.0,6800.0,6700.0,6770.0,6226.3564453125,52675500.0
2021-01-04,6800.0,6855.0,6720.0,6835.0,6286.1376953125,47937000.0
2021-01-05,6860.0,7090.0,6850.0,7090.0,6520.65966796875,104831000.0
2021-01-06,7050.0,7075.0,6880.0,6945.0,6387.3037109375,89753500.0
2021-01-07,7000.0,7050.0,6910.0,6965.0,6405.69775390625,71360000.0
2021-01-08,7035.0,7080.0,6975.0,7050.0,6483.87255859375,75033500.0
2021-01-11,7150.0,7360.0,7145.0,7345.0,6755.18359375,169034500.0
2021-01-12,7345.0,7380.0,7160.0,7160.0,6585.0390625,95235000.0
2021-01-13,7245.0,7275.0,7070.0,7120.0,6548.25146484375,76581500.0
2021-01-14,7050.0,7090.0,6995.0,7020.0,6456.28076171875,89319500.0
2021-01-15,7095.0,7100.0,6840.0,6955.0,6396.501953125,89853500.0
2021-01-18,6955.0,7125.0,6845.0,7120.0,6548.25146484375,86343000.0
2021-01-19,7120.0,7120.0,7005.0,7095.0,6525.2587890625,73777000.0
2021-01-20,7165.0,7295.0,7070.0,7095.0,6525.2587890625,107216000.0
2021-01-21,7280.0,7300.0,7060.0,7075.0,6506.86474609375,66428000.0
2021-01-22,7075.0,7160.0,7075.0,7080.0,6511.46240234375,80829000.0
2021-01-25,7200.0,7200.0,7000.0,7035.0,6470.07666015625,76836500.0
2021-01-26,6955.0,7000.0,6820.0,6820.0,6272.34130859375,98658000.0
2021-01-27,6820.0,6930.0,6705.0,6790.0,6244.7509765625,97920000.0
2021-01-28,6790.0,6925.0,6790.0,6900.0,6345.91796875,104627000.0
2021-01-29,6900.0,7000.0,6760.0,6760.0,6217.15966796875,132762500.0
2021-02-01,6760.0,6920.0,6595.0,6820.0,6272.34130859375,113129000.0
2021-02-02,6965.0,6980.0,6800.0,6800.0,6253.947265625,86741000.0
2021-02-03,7000.0,7000.0,6825.0,6825.0,6276.93994140625,67291000.0
2021-02-04,6920.0,7000.0,6835.0,6855.0,6304.53125,80950500.0
2021-02-05,6870.0,6950.0,6855.0,6915.0,6359.712890625,51602000.0
2021-02-08,7050.0,7055.0,6880.0,6920.0,6364.3115234375,45604000.0
2021-02-09,7000.0,7030.0,6955.0,6980.0,6419.4931640625,75574000.0
2021-02-10,7050.0,7050.0,6900.0,6920.0,6364.3115234375,44984500.0
2021-02-11,6985.0,6985.0,6840.0,6880.0,6327.52392578125,36926000.0
2021-02-15,6830.0,6890.0,6720.0,6800.0,6253.947265625,83922000.0
2021-02-16,6880.0,6945.0,6830.0,6940.0,6382.70556640625,47221000.0
2021-02-17,6890.0,6960.0,6850.0,6900.0,6345.91796875,66011500.0
2021-02-18,6850.0,6900.0,6735.0,6735.0,6194.16796875,91204000.0
2021-02-19,6780.0,6850.0,6760.0,6825.0,6276.93994140625,70487500.0
2021-02-22,6900.0,6940.0,6790.0,6790.0,6244.7509765625,68913000.0
2021-02-23,6820.0,6845.0,6775.0,6825.0,6276.93994140625,58360000.0
2021-02-24,6825.0,6835.0,6725.0,6725.0,6184.97021484375,71869000.0
2021-02-25,6740.0,6770.0,6680.0,6705.0,6166.576171875,78688000.0
2021-02-26,6705.0,6810.0,6645.0,6710.0,6171.17431640625,173631500.0
2021-03-01,6830.0,7045.0,6800.0,7045.0,6479.27392578125,205539000.0
2021-03-02,7120.0,7160.0,7000.0,7015.0,6451.68310546875,81446500.0
2021-03-03,7065.0,7085.0,7000.0,7000.0,6437.8876953125,84470000.0
2021-03-04,6905.0,7000.0,6720.0,6720.0,6180.3720703125,120802500.0
2021-03-05,6720.0,6925.0,6720.0,6800.0,6253.947265625,111871500.0
2021-03-08,6950.0,6950.0,6720.0,6720.0,6180.3720703125,90883000.0
2021-03-09,6700.0,6715.0,6600.0,6605.0,6074.6064453125,135582000.0
2021-03-10,6720.0,6720.0,6620.0,6705.0,6166.576171875,50302000.0
2021-03-12,6875.0,6880.0,6715.0,6765.0,6221.75830078125,74328000.0
2021-03-15,6815.0,6820.0,6665.0,6665.0,6129.78857421875,57416000.0
2021-03-16,6710.0,6710.0,6620.0,6625.0,6093.00048828125,70755500.0
2021-03-17,6650.0,6665.0,6605.0,6610.0,6079.205078125,71474500.0
2021-03-18,6620.0,6720.0,6610.0,6705.0,6166.576171875,70067500.0
2021-03-19,6770.0,6770.0,6625.0,6760.0,6217.15966796875,125853000.0
2021-03-22,6640.0,6680.0,6610.0,6620.0,6088.40185546875,67523500.0
2021-03-23,6720.0,6720.0,6555.0,6565.0,6037.81884765625,127762500.0
2021-03-24,6515.0,6550.0,6420.0,6440.0,5922.85595703125,152050000.0
2021-03-25,6400.0,6440.0,6330.0,6370.0,5858.47705078125,119101500.0
2021-03-26,6370.0,6445.0,6300.0,6415.0,5899.86376953125,134467500.0
2021-03-29,6410.0,6515.0,6360.0,6360.0,5849.2802734375,113370500.0
2021-03-30,6370.0,6455.0,6370.0,6395.0,5881.4697265625,83115500.0
2021-03-31,6390.0,6395.0,6145.0,6215.0,5715.92431640625,223390500.0
2021-04-01,6215.0,6270.0,6155.0,6225.0,5725.12158203125,112286000.0
2021-04-05,6250.0,6290.0,6155.0,6155.0,5660.74267578125,73311500.0
2021-04-06,6135.0,6170.0,6080.0,6165.0,5669.939453125,80215000.0
2021-04-07,6155.0,6275.0,6135.0,6250.0,5748.1142578125,107908000.0
2021-04-08,6200.0,6215.0,6125.0,6135.0,5721.44091796875,123697500.0
2021-04-09,6315.0,6320.0,6145.0,6200.0,5782.06005859375,116961000.0
2021-04-12,6295.0,6295.0,6060.0,6065.0,5656.16015625,110411500.0
2021-04-13,6050.0,6060.0,5980.0,6000.0,5595.54150390625,119211500.0
2021-04-14,6105.0,6305.0,6060.0,6305.0,5879.98193359375,135519500.0
2021-04-15,6305.0,6310.0,6180.0,6280.0,5856.6669921875,102686500.0
2021-04-16,6370.0,6370.0,6215.0,6275.0,5852.00390625,79293500.0
2021-04-19,6275.0,6280.0,6230.0,6270.0,5847.34130859375,47095000.0
2021-04-20,6200.0,6250.0,6185.0,6235.0,5814.70068359375,72721000.0
2021-04-21,6200.0,6225.0,6165.0,6165.0,5749.41943359375,68397000.0
2021-04-22,6200.0,6275.0,6180.0,6215.0,5796.048828125,63758000.0
2021-04-23,6280.0,6395.0,6225.0,6390.0,5959.25244140625,108498500.0
2021-04-26,6395.0,6400.0,6280.0,6285.0,5861.330078125,108742000.0
2021-04-27,6370.0,6435.0,6355.0,6405.0,5973.24072265625,132650000.0
2021-04-28,6400.0,6405.0,6315.0,6320.0,5893.970703125,87660000.0
2021-04-29,6460.0,6460.0,6360.0,6410.0,5977.90380859375,57355000.0
2021-04-30,6450.0,6450.0,6380.0,6405.0,5973.24072265625,65829500.0
2021-05-03,6480.0,6480.0,6345.0,6390.0,5959.25244140625,42065500.0
2021-05-04,6350.0,6430.0,6340.0,6400.0,5968.57763671875,50123500.0
2021-05-05,6420.0,6430.0,6400.0,6425.0,5991.892578125,51685000.0
2021-05-06,6400.0,6450.0,6400.0,6425.0,5991.892578125,38115500.0
2021-05-07,6460.0,6460.0,6385.0,6400.0,5968.57763671875,48864000.0
2021-05-10,6400.0,6420.0,6395.0,6420.0,5987.2294921875,68180500.0
2021-05-11,6400.0,6480.0,6305.0,6480.0,6043.18505859375,70680000.0
2021-05-17,6500.0,6500.0,6375.0,6500.0,6061.8369140625,129058500.0
2021-05-18,6400.0,6455.0,6365.0,6390.0,5959.25244140625,73563000.0
2021-05-19,6380.0,6400.0,6335.0,6345.0,5917.2861328125,64912500.0
2021-05-20,6390.0,6435.0,6350.0,6380.0,5949.92578125,64950000.0
2021-05-21,6450.0,6450.0,6260.0,6360.0,5931.2744140625,92620000.0
2021-05-24,6355.0,6380.0,6290.0,6325.0,5898.6337890625,59210000.0
2021-05-25,6300.0,6440.0,6300.0,6355.0,5926.611328125,87470000.0
2021-05-27,6440.0,6480.0,6270.0,6270.0,5847.34130859375,537971500.0
2021-05-28,6330.0,6370.0,6330.0,6340.0,5912.623046875,102108500.0
2021-05-31,6360.0,6390.0,6325.0,6375.0,5945.26318359375,101442000.0
2021-06-02,6500.0,6515.0,6420.0,6465.0,6029.1962890625,141732500.0
2021-06-03,6495.0,6600.0,6430.0,6600.0,6155.095703125,133810500.0
2021-06-04,6620.0,6620.0,6500.0,6580.0,6136.44384765625,62108500.0
2021-06-07,6560.0,6570.0,6430.0,6530.0,6089.814453125,62576000.0
2021-06-08,6575.0,6575.0,6430.0,6430.0,5996.55615234375,64348000.0
2021-06-09,6360.0,6535.0,6360.0,6530.0,6089.814453125,77198000.0
2021-06-10,6555.0,6620.0,6490.0,6620.0,6173.74755859375,73262500.0
2021-06-11,6570.0,6580.0,6460.0,6470.0,6033.85888671875,72780500.0
2021-06-14,6520.0,6520.0,6400.0,6410.0,5977.90380859375,61478500.0
2021-06-15,6445.0,6470.0,6405.0,6470.0,6033.85888671875,87799000.0
2021-06-16,6420.0,6435.0,6360.0,6385.0,5954.58935546875,48984000.0
2021-06-17,6390.0,6390.0,6275.0,6330.0,5903.296875,68448500.0
2021-06-18,6300.0,6345.0,6280.0,6325.0,5898.6337890625,118043000.0
2021-06-21,6300.0,6300.0,6210.0,6250.0,5828.68994140625,60823500.0
2021-06-22,6250.0,6390.0,6240.0,6340.0,5912.623046875,65824000.0
2021-06-23,6295.0,6340.0,6230.0,6230.0,5810.03759765625,52451000.0
2021-06-24,6310.0,6310.0,6200.0,6210.0,5791.3857421875,56010000.0
2021-06-25,6230.0,6260.0,6190.0,6190.0,5772.73388671875,68939500.0
2021-06-28,6100.0,6150.0,6055.0,6055.0,5646.83447265625,84420500.0
2021-06-29,6050.0,6090.0,6040.0,6045.0,5637.50830078125,53704000.0
2021-06-30,6000.0,6070.0,6000.0,6025.0,5618.8564453125,65795000.0
2021-07-01,6060.0,6075.0,6000.0,6025.0,5618.8564453125,58153000.0
2021-07-02,6070.0,6140.0,6040.0,6100.0,5688.80078125,67392500.0
2021-07-05,6100.0,6130.0,6070.0,6110.0,5698.12744140625,39710500.0
2021-07-06,6110.0,6110.0,6055.0,6055.0,5646.83447265625,34279500.0
2021-07-07,6180.0,6180.0,6030.0,6065.0,5656.16015625,35595000.0
2021-07-08,6000.0,6040.0,5980.0,6015.0,5609.53076171875,47297000.0
2021-07-09,6010.0,6020.0,5990.0,6020.0,5614.193359375,40707500.0
2021-07-12,6070.0,6180.0,6020.0,6170.0,5754.08251953125,65981500.0
2021-07-13,6170.0,6175.0,6015.0,6045.0,5637.50830078125,65946500.0
2021-07-14,6020.0,6030.0,5980.0,5990.0,5586.21630859375,59321000.0
2021-07-15,6000.0,6115.0,5995.0,6115.0,5702.78955078125,49724000.0
2021-07-16,6170.0,6170.0,6055.0,6110.0,5698.12744140625,47998500.0
2021-07-19,6110.0,6110.0,6005.0,6005.0,5600.205078125,47119000.0
2021-07-21,6050.0,6120.0,6010.0,6010.0,5604.8681640625,55009500.0
2021-07-22,6115.0,6155.0,6050.0,6155.0,5740.09375,60792000.0
2021-07-23,6180.0,6190.0,6025.0,6035.0,5628.1826171875,79938000.0
2021-07-26,6040.0,6060.0,6005.0,6005.0,5600.205078125,48171500.0
2021-07-27,6005.0,6060.0,6000.0,6005.0,5600.205078125,53107500.0
2021-07-28,6005.0,6010.0,5970.0,5980.0,5576.8896484375,74133000.0
2021-07-29,6055.0,6085.0,5980.0,6040.0,5632.84521484375,84605000.0
2021-07-30,6040.0,6100.0,5960.0,5970.0,5567.56396484375,105685000.0
2021-08-02,6060.0,6065.0,5905.0,5960.0,5558.23828125,119981500.0
2021-08-03,6025.0,6180.0,5985.0,6145.0,5730.767578125,110071500.0
2021-08-04,6145.0,6150.0,6060.0,6120.0,5707.453125,41112000.0
2021-08-05,6170.0,6310.0,6140.0,6300.0,5875.318359375,93768000.0
2021-08-06,6360.0,6360.0,6135.0,6160.0,5744.75634765625,67285000.0
2021-08-09,6135.0,6200.0,6105.0,6200.0,5782.06005859375,52858500.0
2021-08-10,6250.0,6300.0,6115.0,6300.0,5875.318359375,60446000.0
2021-08-12,6120.0,6320.0,6120.0,6300.0,5875.318359375,118325500.0
2021-08-13,6350.0,6435.0,6325.0,6410.0,5977.90380859375,86929000.0
2021-08-16,6420.0,6420.0,6305.0,6420.0,5987.2294921875,69282000.0
2021-08-18,6520.0,6760.0,6460.0,6600.0,6155.095703125,186354500.0
2021-08-19,6600.0,6600.0,6530.0,6600.0,6155.095703125,100926000.0
2021-08-20,6600.0,6600.0,6510.0,6600.0,6155.095703125,120163500.0
2021-08-23,6515.0,6590.0,6515.0,6590.0,6145.77001953125,68253000.0
2021-08-24,6570.0,6600.0,6500.0,6600.0,6155.095703125,59561500.0
2021-08-25,6600.0,6605.0,6585.0,6600.0,6155.095703125,80751500.0
2021-08-26,6560.0,6580.0,6470.0,6560.0,6117.79248046875,74337000.0
2021-08-27,6490.0,6530.0,6490.0,6510.0,6071.16357421875,71572500.0
2021-08-30,6530.0,6580.0,6520.0,6565.0,6122.45556640625,74564500.0
2021-08-31,6520.0,6570.0,6515.0,6550.0,6108.466796875,115373500.0
2021-09-01,6550.0,6600.0,6535.0,6565.0,6122.45556640625,67362500.0
2021-09-02,6525.0,6575.0,6455.0,6540.0,6099.14013671875,53257000.0
2021-09-03,6560.0,6600.0,6515.0,6600.0,6155.095703125,35764500.0
2021-09-06,6600.0,6605.0,6550.0,6575.0,6131.78076171875,36780000.0
2021-09-07,6595.0,6605.0,6570.0,6570.0,6127.11865234375,53902000.0
2021-09-08,6550.0,6595.0,6420.0,6440.0,6005.88134765625,77888000.0
2021-09-09,6410.0,6570.0,6410.0,6570.0,6127.11865234375,110074000.0
2021-09-10,6495.0,6565.0,6495.0,6520.0,6080.48876953125,41483500.0
2021-09-13,6560.0,6560.0,6525.0,6555.0,6113.13037109375,29929000.0
2021-09-14,6590.0,6595.0,6495.0,6545.0,6103.8037109375,51990500.0
2021-09-15,6545.0,6550.0,6485.0,6495.0,6057.173828125,44514000.0
2021-09-16,6580.0,6580.0,6480.0,6500.0,6061.8369140625,58672500.0
2021-09-17,6490.0,6535.0,6480.0,6520.0,6080.48876953125,117540000.0
2021-09-20,6570.0,6590.0,6510.0,6585.0,6141.1064453125,73157500.0
2021-09-21,6510.0,6535.0,6470.0,6490.0,6052.5107421875,57115500.0
2021-09-22,6500.0,6580.0,6500.0,6555.0,6113.13037109375,68722000.0
2021-09-23,6555.0,6590.0,6545.0,6580.0,6136.44384765625,60998500.0
2021-09-24,6500.0,6585.0,6500.0,6585.0,6141.1064453125,60539500.0
2021-09-27,6585.0,6595.0,6555.0,6580.0,6136.44384765625,55052500.0
2021-09-28,6540.0,6560.0,6500.0,6520.0,6080.48876953125,80186000.0
2021-09-29,6520.0,6580.0,6515.0,6580.0,6136.44384765625,74079000.0
2021-09-30,6600.0,7000.0,6595.0,7000.0,6528.13232421875,156848000.0
2021-10-01,6900.0,6900.0,6710.0,6760.0,6304.31005859375,103954500.0
2021-10-04,6740.0,6960.0,6740.0,6960.0,6490.8291015625,74719000.0
2021-10-05,6910.0,6945.0,6860.0,6945.0,6476.83984375,54986500.0
2021-10-06,6980.0,7180.0,6970.0,7180.0,6695.99853515625,174312000.0
2021-10-07,7175.0,7175.0,7080.0,7160.0,6677.3466796875,107263500.0
2021-10-08,7200.0,7300.0,7175.0,7290.0,6798.5830078125,94643500.0
2021-10-11,7240.0,7290.0,7230.0,7255.0,6765.94287109375,47201000.0
2021-10-12,7255.0,7320.0,7245.0,7320.0,6826.56103515625,91067000.0
2021-10-13,7400.0,8250.0,7400.0,7525.0,7017.74169921875,210893300.0
2021-10-14,7600.0,7900.0,7600.0,7750.0,7227.57470703125,138811900.0
2021-10-15,7800.0,7875.0,7450.0,7650.0,7134.3154296875,142378200.0
2021-10-18,7650.0,7675.0,7475.0,7525.0,7017.74169921875,116644300.0
2021-10-19,7475.0,7525.0,7350.0,7500.0,6994.42724609375,134601200.0
2021-10-21,7500.0,7550.0,7350.0,7400.0,6901.16845703125,106120100.0
2021-10-22,7450.0,7550.0,7425.0,7525.0,7017.74169921875,96730700.0
2021-10-25,7400.0,7525.0,7400.0,7525.0,7017.74169921875,60329800.0
2021-10-26,7600.0,7600.0,7500.0,7525.0,7017.74169921875,70103000.0
2021-10-27,7575.0,7575.0,7425.0,7450.0,6947.79833984375,57067000.0
2021-10-28,7350.0,7425.0,7350.0,7375.0,6877.853515625,75271900.0
2021-10-29,7450.0,7475.0,7375.0,7475.0,6971.11279296875,60639200.0
2021-11-01,7550.0,7550.0,7400.0,7400.0,6901.16845703125,38593400.0
2021-11-02,7375.0,7425.0,7250.0,7300.0,6807.9091796875,90535400.0
2021-11-03,7300.0,7400.0,7250.0,7350.0,6854.5390625,61621500.0
2021-11-04,7425.0,7475.0,7375.0,7375.0,6877.853515625,61081400.0
2021-11-05,7475.0,7475.0,7375.0,7450.0,6947.79833984375,43120400.0
2021-11-08,7500.0,7600.0,7450.0,7575.0,7064.37158203125,85441700.0
2021-11-09,7600.0,7675.0,7575.0,7675.0,7157.630859375,101785800.0
2021-11-10,7675.0,7675.0,7575.0,7650.0,7134.3154296875,47503900.0
2021-11-11,7700.0,7750.0,7600.0,7675.0,7157.630859375,55790000.0
2021-11-12,7750.0,7750.0,7525.0,7525.0,7017.74169921875,52590100.0
2021-11-15,7625.0,7625.0,7500.0,7500.0,6994.42724609375,67344200.0
2021-11-16,7400.0,7475.0,7325.0,7475.0,6971.11279296875,98616900.0
2021-11-17,7500.0,7575.0,7425.0,7575.0,7088.07763671875,61968100.0
2021-11-18,7425.0,7500.0,7400.0,7400.0,6924.326171875,78839600.0
2021-11-19,7425.0,7450.0,7375.0,7425.0,6947.71923828125,68203700.0
2021-11-22,7425.0,7525.0,7400.0,7475.0,6994.50537109375,66328300.0
2021-11-23,7400.0,7500.0,7400.0,7475.0,6994.50537109375,43477500.0
2021-11-24,7575.0,7575.0,7425.0,7475.0,6994.50537109375,35181400.0
2021-11-25,7450.0,7525.0,7425.0,7425.0,6947.71923828125,40216100.0
2021-11-26,7400.0,7450.0,7250.0,7275.0,6807.361328125,113288400.0
2021-11-29,7275.0,7425.0,7175.0,7400.0,6924.326171875,87907900.0
2021-11-30,7325.0,7425.0,7275.0,7275.0,6807.361328125,144923700.0
2021-12-01,7275.0,7450.0,7275.0,7300.0,6830.7548828125,76538100.0
2021-12-02,7375.0,7500.0,7300.0,7500.0,7017.89892578125,66831000.0
2021-12-03,7525.0,7525.0,7350.0,7375.0,6900.93408203125,63283700.0
2021-12-06,7450.0,7475.0,7350.0,7350.0,6877.54052734375,56944100.0
2021-12-07,7450.0,7475.0,7350.0,7350.0,6877.54052734375,51258200.0
2021-12-08,7450.0,7475.0,7400.0,7425.0,6947.71923828125,74775000.0
2021-12-09,7400.0,7450.0,7350.0,7350.0,6877.54052734375,54886400.0
2021-12-10,7325.0,7375.0,7275.0,7375.0,6900.93408203125,91092400.0
2021-12-13,7375.0,7400.0,7300.0,7300.0,6830.7548828125,59977100.0
2021-12-14,7300.0,7375.0,7275.0,7300.0,6830.7548828125,49763600.0
2021-12-15,7300.0,7375.0,7275.0,7300.0,6830.7548828125,52477600.0
2021-12-16,7375.0,7400.0,7275.0,7275.0,6807.361328125,95171400.0
2021-12-17,7325.0,7500.0,7300.0,7500.0,7017.89892578125,107096800.0
2021-12-20,7350.0,7400.0,7325.0,7375.0,6900.93408203125,74753000.0
2021-12-21,7325.0,7400.0,7325.0,7375.0,6900.93408203125,52386100.0
2021-12-22,7425.0,7425.0,7325.0,7325.0,6854.14794921875,33232000.0
2021-12-23,7325.0,7350.0,7300.0,7300.0,6830.7548828125,37136400.0
2021-12-24,7300.0,7350.0,7300.0,7300.0,6830.7548828125,30802100.0
2021-12-27,7300.0,7350.0,7300.0,7350.0,6877.54052734375,20722100.0
2021-12-28,7375.0,7400.0,7325.0,7350.0,6877.54052734375,39343800.0
2021-12-29,7350.0,7375.0,7300.0,7300.0,6830.7548828125,42079500.0
2021-12-30,7350.0,7350.0,7300.0,7300.0,6830.7548828125,49954700.0
2022-01-03,7325.0,7400.0,7300.0,7325.0,6854.14794921875,54287400.0
2022-01-04,7325.0,7450.0,7325.0,7400.0,6924.326171875,70624000.0
2022-01-05,7450.0,7525.0,7375.0,7450.0,6971.11279296875,76164900.0
2022-01-06,7500.0,7525.0,7425.0,7475.0,6994.50537109375,63657100.0
2022-01-07,7550.0,7700.0,7500.0,7650.0,7158.25634765625,143433300.0
2022-01-10,7575.0,7650.0,7550.0,7600.0,7111.470703125,45351900.0
2022-01-11,7650.0,7700.0,7625.0,7700.0,7205.04248046875,110334600.0
2022-01-12,7700.0,7700.0,7650.0,7700.0,7205.04248046875,62606000.0
2022-01-13,7700.0,7750.0,7650.0,7700.0,7205.04248046875,50025200.0
2022-01-14,7700.0,7850.0,7650.0,7850.0,7345.400390625,65898700.0
2022-01-17,7900.0,7900.0,7700.0,7750.0,7251.82861328125,63902600.0
2022-01-18,7775.0,7775.0,7550.0,7675.0,7181.6494140625,71476300.0
2022-01-19,7650.0,7725.0,7575.0,7675.0,7181.6494140625,60389700.0
2022-01-20,7725.0,7775.0,7625.0,7775.0,7275.2216796875,59925500.0
2022-01-21,7775.0,7950.0,7700.0,7950.0,7438.97216796875,63370500.0
2022-01-24,7825.0,7850.0,7775.0,7800.0,7298.61474609375,40278300.0
2022-01-25,7675.0,7775.0,7625.0,7775.0,7275.2216796875,106796900.0
2022-01-26,7700.0,7750.0,7650.0,7700.0,7205.04248046875,53350200.0
2022-01-27,7625.0,7800.0,7625.0,7800.0,7298.61474609375,71945100.0
2022-01-28,7800.0,7825.0,7700.0,7775.0,7275.2216796875,70595000.0
2022-01-31,7775.0,7775.0,7625.0,7625.0,7134.86376953125,68122000.0
2022-02-02,7775.0,7800.0,7675.0,7800.0,7298.61474609375,65308100.0
2022-02-03,7800.0,7825.0,7700.0,7725.0,7228.43505859375,35100600.0
2022-02-04,7750.0,7800.0,7700.0,7725.0,7228.43505859375,39324700.0
2022-02-07,7775.0,7800.0,7700.0,7800.0,7298.61474609375,56813200.0
2022-02-08,7750.0,7850.0,7725.0,7725.0,7228.43505859375,61883100.0
2022-02-09,7850.0,7950.0,7800.0,7950.0,7438.97216796875,108922200.0
2022-02-10,7950.0,7950.0,7750.0,7750.0,7251.82861328125,93277000.0
2022-02-11,7675.0,7825.0,7650.0,7825.0,7322.00732421875,71968800.0
2022-02-14,7750.0,7775.0,7700.0,7700.0,7205.04248046875,57710700.0
2022-02-15,7750.0,7875.0,7725.0,7875.0,7368.79345703125,55617000.0
2022-02-16,7850.0,7975.0,7825.0,7975.0,7462.36572265625,77055100.0
2022-02-17,7850.0,7925.0,7800.0,7900.0,7392.18603515625,48704600.0
2022-02-18,7950.0,7950.0,7850.0,7925.0,7415.57958984375,56813400.0
2022-02-21,7925.0,7975.0,7900.0,7950.0,7438.97216796875,43821700.0
2022-02-22,7900.0,7950.0,7850.0,7900.0,7392.18603515625,80095500.0
2022-02-23,7900.0,8100.0,7875.0,8050.0,7532.544921875,99240300.0
2022-02-24,8125.0,8150.0,7925.0,8000.0,7485.75830078125,124947700.0
2022-02-25,7950.0,8175.0,7925.0,8050.0,7532.544921875,135899900.0
2022-03-01,8000.0,8175.0,8000.0,8050.0,7532.544921875,136616800.0
2022-03-02,8225.0,8225.0,7975.0,7975.0,7462.36572265625,100301000.0
2022-03-04,7975.0,8025.0,7900.0,7900.0,7392.18603515625,132983400.0
2022-03-07,7800.0,7850.0,7700.0,7700.0,7205.04248046875,130990900.0
2022-03-08,7700.0,7850.0,7650.0,7650.0,7158.25634765625,119256500.0
2022-03-09,7700.0,7950.0,7650.0,7850.0,7345.400390625,132814500.0
2022-03-10,7925.0,7975.0,7800.0,7925.0,7415.57958984375,86484000.0
2022-03-11,7725.0,7950.0,7725.0,7950.0,7438.97216796875,61053900.0
2022-03-14,8050.0,8100.0,7950.0,8075.0,7555.9375,78432100.0
2022-03-15,8150.0,8200.0,8075.0,8150.0,7626.1162109375,111214500.0
2022-03-16,8275.0,8275.0,8075.0,8200.0,7672.90234375,149761300.0
2022-03-17,8300.0,8300.0,8000.0,8000.0,7485.75830078125,132439400.0
2022-03-18,8000.0,8100.0,7900.0,7900.0,7392.18603515625,143981700.0
2022-03-21,7800.0,7950.0,7800.0,7900.0,7392.18603515625,85485500.0
2022-03-22,7900.0,7950.0,7875.0,7925.0,7415.57958984375,60010900.0
2022-03-23,7925.0,7950.0,7825.0,7900.0,7392.18603515625,82208000.0
2022-03-24,7850.0,7950.0,7800.0,7925.0,7415.57958984375,95245100.0
2022-03-25,7900.0,7950.0,7900.0,7950.0,7438.97216796875,85101200.0
2022-03-28,7825.0,7900.0,7800.0,7900.0,7505.4765625,83911500.0
2022-03-29,7875.0,7900.0,7825.0,7850.0,7457.9736328125,62180600.0
2022-03-30,7900.0,7900.0,7825.0,7875.0,7481.72509765625,71430600.0
2022-03-31,7925.0,8000.0,7875.0,7975.0,7576.73095703125,112691900.0
2022-04-01,8075.0,8075.0,7850.0,7925.0,7529.228515625,105575400.0
2022-04-04,7925.0,7925.0,7825.0,7900.0,7505.4765625,57321200.0
2022-04-05,7900.0,7900.0,7850.0,7900.0,7505.4765625,48528300.0
2022-04-06,7825.0,7850.0,7750.0,7750.0,7362.9677734375,119263000.0
2022-04-07,7725.0,7825.0,7700.0,7750.0,7362.9677734375,68619400.0
2022-04-08,7800.0,7875.0,7775.0,7850.0,7457.9736328125,69791600.0
2022-04-11,7825.0,7875.0,7725.0,7725.0,7339.2158203125,62776200.0
2022-04-12,7725.0,7800.0,7700.0,7800.0,7410.470703125,73471300.0
2022-04-13,7800.0,7850.0,7750.0,7800.0,7410.470703125,57622100.0
2022-04-14,7800.0,7800.0,7700.0,7700.0,7315.46484375,93342900.0
2022-04-18,7700.0,7725.0,7625.0,7700.0,7315.46484375,68464700.0
2022-04-19,7700.0,7700.0,7625.0,7625.0,7244.2099609375,98632000.0
2022-04-20,7725.0,7725.0,7625.0,7650.0,7267.96142578125,124388800.0
2022-04-21,7800.0,7925.0,7750.0,7925.0,7529.228515625,129323400.0
2022-04-22,7850.0,7925.0,7800.0,7875.0,7481.72509765625,85956100.0
2022-04-25,7875.0,8000.0,7825.0,8000.0,7600.482421875,91279600.0
2022-04-26,7925.0,8125.0,7925.0,8125.0,7719.240234375,128360900.0
2022-04-27,8075.0,8200.0,8075.0,8200.0,7790.49462890625,89463100.0
2022-04-28,8250.0,8250.0,8075.0,8125.0,7719.240234375,133730600.0
2022-05-09,7875.0,7900.0,7600.0,7600.0,7220.45849609375,456796600.0
2022-05-10,7250.0,7600.0,7250.0,7525.0,7149.2041015625,268445700.0
2022-05-11,7525.0,7700.0,7450.0,7650.0,7267.96142578125,156535200.0
2022-05-12,7525.0,7550.0,7275.0,7275.0,6911.6884765625,240529600.0
2022-05-13,7250.0,7475.0,7250.0,7325.0,6959.19189453125,212968600.0
2022-05-17,7275.0,7475.0,7275.0,7400.0,7030.44677734375,159657600.0
2022-05-18,7500.0,7575.0,7375.0,7575.0,7196.70703125,153514300.0
2022-05-19,7400.0,7475.0,7375.0,7450.0,7077.94970703125,140908900.0
2022-05-20,7425.0,7475.0,7400.0,7400.0,7030.44677734375,86520200.0
2022-05-23,7450.0,7475.0,7350.0,7375.0,7006.69482421875,71603500.0
2022-05-24,7325.0,7475.0,7325.0,7350.0,6982.943359375,108710800.0
2022-05-25,7400.0,7450.0,7350.0,7375.0,7006.69482421875,76747400.0
2022-05-27,7525.0,7575.0,7475.0,7575.0,7196.70703125,84336900.0
2022-05-30,7575.0,7600.0,7475.0,7575.0,7196.70703125,105411400.0
2022-05-31,7600.0,7750.0,7525.0,7750.0,7362.9677734375,286292700.0
2022-06-02,7625.0,7675.0,7525.0,7575.0,7196.70703125,149226300.0
2022-06-03,7600.0,7675.0,7575.0,7600.0,7220.45849609375,80563100.0
2022-06-06,7550.0,7575.0,7425.0,7450.0,7077.94970703125,81140300.0
2022-06-07,7300.0,7475.0,7300.0,7375.0,7006.69482421875,129242500.0
2022-06-08,7500.0,7600.0,7425.0,7600.0,7220.45849609375,108910500.0
2022-06-09,7500.0,7575.0,7500.0,7500.0,7125.45263671875,107828300.0
2022-06-10,7400.0,7450.0,7350.0,7350.0,6982.943359375,111768600.0
2022-06-13,7300.0,7400.0,7275.0,7350.0,6982.943359375,85539500.0
2022-06-14,7300.0,7400.0,7250.0,7400.0,7030.44677734375,80865100.0
2022-06-15,7300.0,7375.0,7300.0,7325.0,6959.19189453125,130367100.0
2022-06-16,7400.0,7600.0,7375.0,7575.0,7196.70703125,132666300.0
2022-06-17,7425.0,7550.0,7425.0,7500.0,7125.45263671875,117839400.0
2022-06-20,7600.0,7650.0,7500.0,7625.0,7244.2099609375,88138700.0
2022-06-21,7600.0,7650.0,7550.0,7650.0,7267.96142578125,44295700.0
2022-06-22,7625.0,7650.0,7500.0,7500.0,7125.45263671875,53041800.0
2022-06-23,7450.0,7575.0,7450.0,7525.0,7149.2041015625,60443000.0
2022-06-24,7600.0,7600.0,7475.0,7475.0,7101.701171875,57956600.0
2022-06-27,7475.0,7500.0,7350.0,7350.0,6982.943359375,76354100.0
2022-06-28,7300.0,7400.0,7300.0,7300.0,6935.4404296875,146078100.0
2022-06-29,7325.0,7400.0,7275.0,7275.0,6911.6884765625,98517800.0
2022-06-30,7300.0,7400.0,7250.0,7250.0,6887.9375,101343900.0
2022-07-01,7300.0,7325.0,7250.0,7250.0,6887.9375,68738800.0
2022-07-04,7250.0,7275.0,7000.0,7050.0,6697.9248046875,102238600.0
2022-07-05,7100.0,7325.0,7100.0,7250.0,6887.9375,69172900.0
2022-07-06,7300.0,7325.0,7175.0,7300.0,6935.4404296875,66801100.0
2022-07-07,7225.0,7250.0,7100.0,7100.0,6745.42822265625,86126800.0
2022-07-08,7125.0,7175.0,7075.0,7150.0,6792.93115234375,64312400.0
2022-07-11,7200.0,7200.0,7125.0,7125.0,6769.18017578125,36830800.0
2022-07-12,7175.0,7250.0,7150.0,7175.0,6816.68310546875,34269000.0
2022-07-13,7100.0,7125.0,7000.0,7000.0,6650.42236328125,71988200.0
2022-07-14,7025.0,7100.0,7000.0,7025.0,6674.173828125,83316300.0
2022-07-15,7100.0,7100.0,7000.0,7000.0,6650.42236328125,57419900.0
2022-07-18,7025.0,7150.0,7025.0,7150.0,6792.93115234375,60077700.0
2022-07-19,7100.0,7175.0,7100.0,7175.0,6816.68310546875,59641000.0
2022-07-20,7200.0,7400.0,7175.0,7400.0,7030.44677734375,105792900.0
2022-07-21,7400.0,7400.0,7250.0,7400.0,7030.44677734375,64337100.0
2022-07-22,7400.0,7400.0,7300.0,7325.0,6959.19189453125,38956500.0
2022-07-25,7350.0,7375.0,7300.0,7300.0,6935.4404296875,31247600.0
2022-07-26,7250.0,7375.0,7250.0,7300.0,6935.4404296875,44379900.0
2022-07-27,7325.0,7350.0,7275.0,7325.0,6959.19189453125,58465500.0
2022-07-28,7375.0,7450.0,7325.0,7350.0,6982.943359375,86909700.0
2022-07-29,7400.0,7475.0,7350.0,7350.0,6982.943359375,131553000.0
2022-08-01,7350.0,7500.0,7350.0,7500.0,7125.45263671875,104841600.0
2022-08-02,7600.0,7625.0,7500.0,7600.0,7220.45849609375,106466900.0
2022-08-03,7625.0,7625.0,7575.0,7625.0,7244.2099609375,60170600.0
2022-08-04,7675.0,7800.0,7650.0,7800.0,7410.470703125,164221000.0
2022-08-05,7825.0,7875.0,7725.0,7875.0,7481.72509765625,118734200.0
2022-08-08,7875.0,7925.0,7750.0,7875.0,7481.72509765625,84328900.0
2022-08-09,7875.0,7975.0,7875.0,7900.0,7505.4765625,92875800.0
2022-08-10,7800.0,7900.0,7725.0,7900.0,7505.4765625,104376300.0
2022-08-11,7850.0,7950.0,7825.0,7950.0,7552.9794921875,73204700.0
2022-08-12,7925.0,7975.0,7850.0,7925.0,7529.228515625,59381200.0
2022-08-15,7950.0,7975.0,7900.0,7950.0,7552.9794921875,81411000.0
2022-08-16,7950.0,7975.0,7850.0,7975.0,7576.73095703125,83556700.0
2022-08-18,7900.0,8025.0,7875.0,8000.0,7600.482421875,86136900.0
2022-08-19,8050.0,8050.0,7900.0,7900.0,7505.4765625,58194900.0
2022-08-22,7850.0,8000.0,7825.0,8000.0,7600.482421875,97293300.0
2022-08-23,8000.0,8000.0,7900.0,7900.0,7505.4765625,71671800.0
2022-08-24,7950.0,8025.0,7900.0,7950.0,7552.9794921875,108892400.0
2022-08-25,8000.0,8100.0,7900.0,8075.0,7671.7373046875,99503500.0
2022-08-26,8025.0,8125.0,8000.0,8000.0,7600.482421875,80472400.0
2022-08-29,8000.0,8150.0,7950.0,8150.0,7742.9921875,57762100.0
2022-08-30,8100.0,8275.0,8075.0,8175.0,7766.74267578125,124467000.0
2022-08-31,8075.0,8225.0,8050.0,8200.0,7790.49462890625,137659900.0
2022-09-01,8150.0,8250.0,8125.0,8150.0,7742.9921875,74960800.0
2022-09-02,8150.0,8225.0,8150.0,8225.0,7814.24609375,71430600.0
2022-09-05,8225.0,8300.0,8200.0,8275.0,7861.7490234375,62906000.0
2022-09-06,8300.0,8350.0,8250.0,8275.0,7861.7490234375,67079900.0
2022-09-07,8250.0,8375.0,8250.0,8375.0,7956.755859375,117931700.0
2022-09-08,8400.0,8500.0,8350.0,8350.0,7933.00341796875,132777400.0
2022-09-09,8500.0,8500.0,8275.0,8375.0,7956.755859375,91234600.0
2022-09-12,8325.0,8425.0,8325.0,8375.0,7956.755859375,52395300.0
2022-09-13,8375.0,8575.0,8375.0,8525.0,8099.26416015625,124485200.0
2022-09-14,8375.0,8650.0,8375.0,8500.0,8075.5126953125,116642400.0
2022-09-15,8500.0,8875.0,8500.0,8750.0,8313.0283203125,190404800.0
2022-09-16,8700.0,8725.0,8450.0,8450.0,8028.009765625,363127600.0
2022-09-19,8475.0,8750.0,8450.0,8650.0,8218.0224609375,102530600.0
2022-09-20,8550.0,8650.0,8550.0,8550.0,8123.01611328125,89238400.0
2022-09-21,8525.0,8600.0,8425.0,8475.0,8051.76171875,90933700.0
2022-09-22,8375.0,8525.0,8375.0,8475.0,8051.76171875,61908500.0
2022-09-23,8375.0,8475.0,8375.0,8375.0,7956.755859375,60567600.0
2022-09-26,8200.0,8500.0,8200.0,8425.0,8004.25830078125,106228200.0
2022-09-27,8375.0,8450.0,8300.0,8300.0,7885.50048828125,89567100.0
2022-09-28,8250.0,8425.0,8250.0,8325.0,7909.2529296875,89153400.0
2022-09-29,8325.0,8450.0,8325.0,8375.0,7956.755859375,62643700.0
2022-09-30,8375.0,8575.0,8275.0,8550.0,8123.01611328125,176524800.0
2022-10-03,8450.0,8525.0,8450.0,8500.0,8075.5126953125,115079600.0
2022-10-04,8525.0,8625.0,8525.0,8550.0,8123.01611328125,80524500.0
2022-10-05,8525.0,8550.0,8425.0,8450.0,8028.009765625,63788000.0
2022-10-06,8475.0,8500.0,8425.0,8425.0,8004.25830078125,43967400.0
2022-10-07,8325.0,8375.0,8200.0,8200.0,7790.49462890625,112043400.0
2022-10-10,8150.0,8375.0,8125.0,8300.0,7885.50048828125,80238200.0
2022-10-11,8200.0,8300.0,8150.0,8250.0,7837.998046875,64060000.0
2022-10-12,8200.0,8325.0,8175.0,8325.0,7909.2529296875,47569700.0
2022-10-13,8275.0,8375.0,8275.0,8275.0,7861.7490234375,62282800.0
2022-10-14,8300.0,8350.0,8250.0,8250.0,7837.998046875,70642900.0
2022-10-17,8250.0,8300.0,8175.0,8250.0,7837.998046875,56387500.0
2022-10-18,8275.0,8475.0,8250.0,8300.0,7885.50048828125,85665300.0
2022-10-19,8250.0,8350.0,8225.0,8275.0,7861.7490234375,66753500.0
2022-10-20,8250.0,8500.0,8250.0,8500.0,8075.5126953125,91812300.0
2022-10-21,8450.0,8725.0,8450.0,8650.0,8218.0224609375,122777800.0
2022-10-24,8750.0,8900.0,8725.0,8900.0,8455.537109375,89416500.0
2022-10-25,8825.0,8875.0,8700.0,8700.0,8265.525390625,84696300.0
2022-10-26,8625.0,8650.0,8550.0,8550.0,8123.01611328125,98962100.0
2022-10-27,8550.0,8700.0,8550.0,8700.0,8265.525390625,77003400.0
2022-10-28,8650.0,8750.0,8650.0,8750.0,8313.0283203125,84980600.0
2022-10-31,8850.0,8850.0,8775.0,8800.0,8360.53125,138922800.0
2022-11-01,9000.0,9000.0,8725.0,8800.0,8360.53125,118118400.0
2022-11-02,8800.0,8825.0,8725.0,8750.0,8313.0283203125,68323600.0
2022-11-03,8700.0,8825.0,8700.0,8800.0,8360.53125,81856300.0
2022-11-04,8775.0,8800.0,8675.0,8775.0,8336.779296875,84458300.0
2022-11-07,8725.0,8850.0,8675.0,8850.0,8408.033203125,94794000.0
2022-11-08,8850.0,8875.0,8725.0,8750.0,8313.0283203125,42525500.0
2022-11-09,8675.0,8875.0,8675.0,8875.0,8431.78515625,96599500.0
2022-11-10,8725.0,8800.0,8725.0,8800.0,8360.53125,89463000.0
2022-11-11,8900.0,8925.0,8825.0,8850.0,8408.033203125,59597900.0
2022-11-14,8875.0,8900.0,8750.0,8750.0,8313.0283203125,49208200.0
2022-11-15,8775.0,8850.0,8750.0,8800.0,8360.53125,59092900.0
2022-11-16,8625.0,8675.0,8550.0,8600.0,8170.5185546875,143424800.0
2022-11-17,8625.0,8825.0,8600.0,8725.0,8289.27734375,72679800.0
2022-11-18,8725.0,8900.0,8725.0,8825.0,8384.2822265625,83556900.0
2022-11-21,8875.0,8900.0,8725.0,8725.0,8289.27734375,35901000.0
2022-11-22,8900.0,8950.0,8850.0,8900.0,8455.537109375,84684200.0
2022-11-23,8900.0,8975.0,8875.0,8875.0,8431.78515625,84642100.0
2022-11-24,8975.0,9000.0,8950.0,9000.0,8550.54296875,53520800.0
2022-11-25,9000.0,9000.0,8900.0,8975.0,8526.791015625,75048300.0
2022-11-28,9050.0,9100.0,8975.0,9025.0,8574.2939453125,96209700.0
2022-11-29,8975.0,9075.0,8925.0,8975.0,8526.791015625,91562100.0
2022-11-30,8875.0,9400.0,8850.0,9300.0,8835.5615234375,644359600.0
2022-12-01,9275.0,9350.0,9000.0,9000.0,8550.54296875,155775400.0
2022-12-02,8900.0,8975.0,8900.0,8900.0,8488.5478515625,130982100.0
2022-12-05,8800.0,8900.0,8775.0,8775.0,8369.328125,114656300.0
2022-12-06,8725.0,8750.0,8575.0,8675.0,8273.9501953125,180553800.0
2022-12-07,8500.0,8575.0,8450.0,8450.0,8059.3515625,229308700.0
2022-12-08,8375.0,8575.0,8350.0,8500.0,8107.04052734375,172590100.0
2022-12-09,8500.0,8600.0,8450.0,8575.0,8178.57275390625,90851300.0
2022-12-12,8525.0,8700.0,8475.0,8700.0,8297.794921875,102851800.0
2022-12-13,8625.0,8700.0,8550.0,8700.0,8297.794921875,104580200.0
2022-12-14,8600.0,8700.0,8525.0,8625.0,8226.2626953125,118164300.0
2022-12-15,8575.0,8600.0,8500.0,8500.0,8107.04052734375,113255700.0
2022-12-16,8425.0,8650.0,8400.0,8600.0,8202.4169921875,181516700.0
2022-12-19,8650.0,8700.0,8600.0,8650.0,8250.10546875,67482900.0
2022-12-20,8550.0,8650.0,8550.0,8575.0,8178.57275390625,41243700.0
2022-12-21,8600.0,8700.0,8575.0,8675.0,8273.9501953125,33617700.0
2022-12-22,8650.0,8675.0,8575.0,8575.0,8178.57275390625,59591500.0
2022-12-23,8525.0,8575.0,8500.0,8500.0,8107.04052734375,47393000.0
2022-12-26,8500.0,8625.0,8500.0,8575.0,8178.57275390625,20495900.0
2022-12-27,8600.0,8650.0,8575.0,8600.0,8202.4169921875,27193800.0
2022-12-28,8650.0,8650.0,8550.0,8650.0,8250.10546875,40420200.0
2022-12-29,8525.0,8600.0,8500.0,8575.0,8178.57275390625,47020900.0
2022-12-30,8575.0,8650.0,8550.0,8550.0,8154.7294921875,44681400.0
2023-01-02,8575.0,8600.0,8500.0,8550.0,8154.7294921875,10653900.0
2023-01-03,8550.0,8600.0,8525.0,8550.0,8154.7294921875,27399100.0
2023-01-04,8525.0,8575.0,8350.0,8350.0,7963.97509765625,90918800.0
2023-01-05,8350.0,8375.0,8150.0,8250.0,7868.59765625,128838500.0
2023-01-06,8100.0,8325.0,8100.0,8300.0,7916.28662109375,69286600.0
2023-01-09,8325.0,8450.0,8325.0,8450.0,8059.3515625,86916900.0
2023-01-10,8400.0,8425.0,8150.0,8175.0,7797.06494140625,101759100.0
2023-01-11,8050.0,8150.0,8000.0,8125.0,7749.376953125,96069100.0
2023-01-12,8150.0,8275.0,8125.0,8175.0,7797.06494140625,103804600.0
2023-01-13,8150.0,8175.0,8025.0,8050.0,7677.84423828125,119748200.0
2023-01-16,8050.0,8200.0,8050.0,8150.0,7773.22119140625,105710700.0
2023-01-17,8175.0,8375.0,8150.0,8325.0,7940.13037109375,88695900.0
2023-01-18,8200.0,8325.0,8175.0,8300.0,7916.28662109375,96814600.0
2023-01-19,8350.0,8350.0,8250.0,8325.0,7940.13037109375,66391800.0
2023-01-20,8275.0,8325.0,8250.0,8300.0,7916.28662109375,96859500.0
2023-01-24,8300.0,8350.0,8225.0,8225.0,7844.75390625,42474500.0
2023-01-25,8300.0,8300.0,8200.0,8200.0,7820.90966796875,66124500.0
2023-01-26,8225.0,8475.0,8225.0,8475.0,8083.1962890625,77582300.0
2023-01-27,8700.0,8850.0,8550.0,8700.0,8297.794921875,196804700.0
2023-01-30,8725.0,8775.0,8575.0,8700.0,8297.794921875,68544300.0
2023-01-31,8625.0,8675.0,8475.0,8475.0,8083.1962890625,200589000.0
2023-02-01,8575.0,8575.0,8450.0,8500.0,8107.04052734375,77396200.0
2023-02-02,8425.0,8525.0,8400.0,8450.0,8059.3515625,99109500.0
2023-02-03,8550.0,8700.0,8500.0,8700.0,8297.794921875,71716700.0
2023-02-06,8750.0,8750.0,8650.0,8725.0,8321.638671875,117757700.0
2023-02-07,8775.0,8850.0,8750.0,8850.0,8440.8603515625,116014700.0
2023-02-08,8825.0,8850.0,8800.0,8825.0,8417.015625,54495500.0
2023-02-09,8825.0,8900.0,8800.0,8900.0,8488.5478515625,72381700.0
2023-02-10,8875.0,8900.0,8700.0,8825.0,8417.015625,62060900.0
2023-02-13,8875.0,8900.0,8775.0,8875.0,8464.7041015625,63775000.0
2023-02-14,8850.0,8950.0,8825.0,8950.0,8536.236328125,81678200.0
2023-02-15,8875.0,8900.0,8750.0,8875.0,8464.7041015625,38037000.0
2023-02-16,8825.0,8850.0,8700.0,8700.0,8297.794921875,66040400.0
2023-02-17,8775.0,8850.0,8725.0,8725.0,8321.638671875,43588900.0
2023-02-20,8725.0,8825.0,8700.0,8750.0,8345.482421875,40077000.0
2023-02-21,8775.0,8800.0,8700.0,8700.0,8297.794921875,25390500.0
2023-02-22,8700.0,8750.0,8625.0,8675.0,8273.9501953125,38671900.0
2023-02-23,8625.0,8750.0,8625.0,8725.0,8321.638671875,53412300.0
2023-02-24,8775.0,8850.0,8675.0,8675.0,8273.9501953125,44123400.0
2023-02-27,8675.0,8775.0,8650.0,8775.0,8369.328125,59983900.0
2023-02-28,8775.0,8775.0,8675.0,8750.0,8345.482421875,106349400.0
2023-03-01,8725.0,8750.0,8600.0,8600.0,8202.4169921875,67034700.0
2023-03-02,8600.0,8700.0,8600.0,8625.0,8226.2626953125,56672000.0
2023-03-03,8650.0,8675.0,8475.0,8475.0,8083.1962890625,95376900.0
2023-03-06,8550.0,8550.0,8400.0,8400.0,8011.66357421875,92652000.0
2023-03-07,8350.0,8475.0,8350.0,8425.0,8035.5078125,106115600.0
2023-03-08,8400.0,8575.0,8400.0,8575.0,8178.57275390625,79350900.0
2023-03-09,8650.0,8650.0,8550.0,8575.0,8178.57275390625,54201400.0
2023-03-10,8500.0,8550.0,8450.0,8450.0,8059.3515625,59580100.0
2023-03-13,8450.0,8625.0,8450.0,8550.0,8154.7294921875,82077700.0
2023-03-14,8425.0,8475.0,8325.0,8325.0,7940.13037109375,90495300.0
2023-03-15,8450.0,8475.0,8325.0,8325.0,7940.13037109375,86747400.0
2023-03-16,8300.0,8350.0,8250.0,8300.0,7916.28662109375,105894000.0
2023-03-17,8375.0,8450.0,8325.0,8375.0,7987.81884765625,198558600.0
2023-03-20,8400.0,8475.0,8375.0,8400.0,8011.66357421875,37277900.0
2023-03-21,8400.0,8500.0,8375.0,8500.0,8107.04052734375,91617400.0
2023-03-24,8700.0,8825.0,8625.0,8825.0,8417.015625,145603600.0
2023-03-27,8825.0,8825.0,8700.0,8700.0,8297.794921875,110692800.0
2023-03-28,8800.0,8800.0,8675.0,8675.0,8273.9501953125,98296600.0
2023-03-29,8675.0,8800.0,8625.0,8800.0,8560.935546875,101068200.0
2023-03-30,8900.0,8900.0,8800.0,8825.0,8585.2568359375,118912100.0
2023-03-31,8825.0,8850.0,8725.0,8750.0,8512.2939453125,97146900.0
2023-04-03,8825.0,8825.0,8750.0,8800.0,8560.935546875,60288900.0
2023-04-04,8825.0,8825.0,8650.0,8775.0,8536.6142578125,60975800.0
2023-04-05,8775.0,8800.0,8725.0,8725.0,8487.9736328125,36922100.0
2023-04-06,8700.0,8775.0,8700.0,8750.0,8512.2939453125,45489400.0
2023-04-10,8725.0,8800.0,8700.0,8800.0,8560.935546875,32996000.0
2023-04-11,8825.0,8825.0,8750.0,8825.0,8585.2568359375,44554300.0
2023-04-12,8900.0,8900.0,8825.0,8900.0,8658.21875,91903600.0
2023-04-13,8950.0,8950.0,8875.0,8925.0,8682.5400390625,51726500.0
2023-04-14,9000.0,9000.0,8950.0,9000.0,8755.5029296875,110354200.0
2023-04-17,9025.0,9050.0,8900.0,9025.0,8779.8232421875,83946900.0
2023-04-18,9050.0,9175.0,9025.0,9125.0,8877.107421875,91178700.0
2023-04-26,9125.0,9200.0,9000.0,9200.0,8950.0693359375,186928200.0
2023-04-27,9100.0,9175.0,9075.0,9150.0,8901.427734375,54842400.0
2023-04-28,9100.0,9125.0,9050.0,9050.0,8804.1435546875,145775300.0
2023-05-02,9100.0,9100.0,8900.0,9050.0,8804.1435546875,83645900.0
2023-05-03,9050.0,9050.0,8875.0,8925.0,8682.5400390625,83728800.0
2023-05-04,8925.0,9025.0,8875.0,9000.0,8755.5029296875,67565000.0
2023-05-05,9000.0,9050.0,8950.0,9000.0,8755.5029296875,64815100.0
2023-05-08,9000.0,9075.0,8950.0,9000.0,8755.5029296875,84754500.0
2023-05-09,8950.0,8975.0,8900.0,8925.0,8682.5400390625,40929600.0
2023-05-10,8925.0,8950.0,8900.0,8925.0,8682.5400390625,45322600.0
2023-05-11,8900.0,8900.0,8800.0,8825.0,8585.2568359375,81993900.0
2023-05-12,8750.0,8875.0,8725.0,8800.0,8560.935546875,96525600.0
2023-05-15,8875.0,8875.0,8725.0,8775.0,8536.6142578125,64830300.0
2023-05-16,8800.0,8825.0,8700.0,8700.0,8463.65234375,49497000.0
2023-05-17,8775.0,8850.0,8750.0,8775.0,8536.6142578125,69996100.0
2023-05-19,8900.0,9000.0,8825.0,9000.0,8755.5029296875,123592500.0
2023-05-22,9000.0,9075.0,8925.0,9000.0,8755.5029296875,91000000.0
2023-05-23,9050.0,9150.0,9025.0,9125.0,8877.107421875,102980500.0
2023-05-24,9200.0,9200.0,9025.0,9025.0,8779.8232421875,77392900.0
2023-05-25,9100.0,9150.0,9050.0,9050.0,8804.1435546875,76325700.0
2023-05-26,9175.0,9200.0,9100.0,9150.0,8901.427734375,55675900.0
2023-05-29,9250.0,9250.0,9075.0,9150.0,8901.427734375,79148200.0
2023-05-30,9200.0,9325.0,9150.0,9250.0,8998.7109375,97189500.0
2023-05-31,9300.0,9325.0,9050.0,9050.0,8804.1435546875,722827900.0
2023-06-05,9150.0,9325.0,9100.0,9200.0,8950.0693359375,163535600.0
2023-06-06,9050.0,9200.0,9050.0,9150.0,8901.427734375,74872200.0
2023-06-07,9125.0,9175.0,9075.0,9100.0,8852.7861328125,87492200.0
2023-06-08,9075.0,9125.0,9075.0,9125.0,8877.107421875,53188400.0
2023-06-09,9175.0,9175.0,9100.0,9100.0,8852.7861328125,44632400.0
2023-06-12,9150.0,9150.0,9100.0,9150.0,8901.427734375,38082300.0
2023-06-13,9175.0,9175.0,9100.0,9150.0,8901.427734375,45552600.0
2023-06-14,9100.0,9125.0,9050.0,9075.0,8828.46484375,72223700.0
2023-06-15,9100.0,9100.0,9050.0,9050.0,8804.1435546875,59073000.0
2023-06-16,9100.0,9100.0,8975.0,9050.0,8804.1435546875,112769400.0
2023-06-19,9000.0,9050.0,9000.0,9000.0,8755.5029296875,32330600.0
2023-06-20,9025.0,9050.0,8950.0,9050.0,8804.1435546875,54990100.0
2023-06-21,9050.0,9125.0,9000.0,9125.0,8877.107421875,42676300.0
2023-06-22,9125.0,9150.0,9050.0,9050.0,8804.1435546875,48291100.0
2023-06-23,9025.0,9150.0,9025.0,9050.0,8804.1435546875,47813500.0
2023-06-26,9025.0,9125.0,9025.0,9075.0,8828.46484375,36389900.0
2023-06-27,9050.0,9150.0,9050.0,9150.0,8901.427734375,36225100.0
2023-07-03,9025.0,9075.0,9025.0,9075.0,8828.46484375,108855900.0
2023-07-04,9150.0,9150.0,9050.0,9050.0,8804.1435546875,35049300.0
2023-07-05,9050.0,9075.0,9025.0,9050.0,8804.1435546875,44609200.0
2023-07-06,9050.0,9100.0,9025.0,9075.0,8828.46484375,52532400.0
2023-07-07,9025.0,9100.0,9025.0,9025.0,8779.8232421875,37641300.0
2023-07-10,9100.0,9100.0,9050.0,9050.0,8804.1435546875,28981500.0
2023-07-11,9100.0,9100.0,9025.0,9025.0,8779.8232421875,43703500.0
2023-07-12,9075.0,9175.0,9050.0,9175.0,8925.748046875,61566500.0
2023-07-13,9200.0,9225.0,9125.0,9125.0,8877.107421875,65230900.0
2023-07-14,9175.0,9200.0,9125.0,9200.0,8950.0693359375,55554500.0
2023-07-17,9200.0,9250.0,9175.0,9175.0,8925.748046875,62550100.0
2023-07-18,9200.0,9250.0,9100.0,9150.0,8901.427734375,52924600.0
2023-07-20,9200.0,9225.0,9125.0,9150.0,8901.427734375,83476600.0
2023-07-21,9150.0,9175.0,9125.0,9150.0,8901.427734375,42667800.0
2023-07-24,9200.0,9200.0,9100.0,9100.0,8852.7861328125,62061200.0
2023-07-25,9175.0,9300.0,9150.0,9150.0,8901.427734375,122802700.0
2023-07-26,9175.0,9350.0,9125.0,9350.0,9095.994140625,113868700.0
2023-07-27,9400.0,9400.0,9225.0,9225.0,8974.3896484375,77848400.0
2023-07-28,9200.0,9225.0,9125.0,9125.0,8877.107421875,74510200.0
2023-07-31,9175.0,9200.0,9100.0,9125.0,8877.107421875,80868000.0
2023-08-01,9175.0,9175.0,9100.0,9125.0,8877.107421875,49756400.0
2023-08-02,9125.0,9200.0,9125.0,9200.0,8950.0693359375,60629900.0
2023-08-03,9150.0,9300.0,9150.0,9250.0,8998.7109375,64596100.0
2023-08-04,9250.0,9275.0,9125.0,9150.0,8901.427734375,52675900.0
2023-08-07,9150.0,9275.0,9150.0,9275.0,9023.0322265625,55589300.0
2023-08-08,9275.0,9300.0,9200.0,9200.0,8950.0693359375,43373400.0
2023-08-09,9275.0,9400.0,9250.0,9400.0,9144.63671875,77056800.0
2023-08-10,9400.0,9425.0,9350.0,9400.0,9144.63671875,76738100.0
2023-08-11,9425.0,9450.0,9375.0,9400.0,9144.63671875,68898600.0
2023-08-14,9325.0,9350.0,9225.0,9350.0,9095.994140625,75495400.0
2023-08-15,9325.0,9375.0,9300.0,9300.0,9047.3525390625,59303700.0
2023-08-16,9275.0,9325.0,9250.0,9300.0,9047.3525390625,53440000.0
2023-08-18,9250.0,9350.0,9250.0,9250.0,8998.7109375,79328900.0
2023-08-21,9225.0,9250.0,9175.0,9175.0,8925.748046875,73573000.0
2023-08-22,9150.0,9325.0,9150.0,9300.0,9047.3525390625,65664600.0
2023-08-23,9300.0,9325.0,9275.0,9300.0,9047.3525390625,63749800.0
2023-08-24,9250.0,9325.0,9200.0,9200.0,8950.0693359375,53725900.0
2023-08-25,9200.0,9275.0,9175.0,9275.0,9023.0322265625,50379000.0
2023-08-28,9250.0,9250.0,9200.0,9200.0,8950.0693359375,44423100.0
2023-08-29,9275.0,9300.0,9200.0,9250.0,8998.7109375,45428500.0
2023-08-30,9300.0,9300.0,9200.0,9200.0,8950.0693359375,56227000.0
2023-08-31,9200.0,9225.0,9100.0,9175.0,8925.748046875,136107200.0
2023-09-01,9200.0,9275.0,9175.0,9225.0,8974.3896484375,42152700.0
2023-09-04,9225.0,9275.0,9175.0,9225.0,8974.3896484375,40610600.0
2023-09-05,9250.0,9250.0,9200.0,9225.0,8974.3896484375,42007200.0
2023-09-06,9200.0,9250.0,9150.0,9150.0,8901.427734375,49318400.0
2023-09-07,9125.0,9175.0,9100.0,9175.0,8925.748046875,61405200.0
2023-09-08,9100.0,9150.0,9050.0,9125.0,8877.107421875,80732300.0
2023-09-11,9075.0,9125.0,9075.0,9125.0,8877.107421875,53155900.0
2023-09-12,9100.0,9125.0,9075.0,9100.0,8852.7861328125,66479000.0
2023-09-13,9050.0,9075.0,9000.0,9075.0,8828.46484375,69490200.0
2023-09-14,9000.0,9125.0,9000.0,9100.0,8852.7861328125,112757900.0
2023-09-15,9050.0,9100.0,9000.0,9000.0,8755.5029296875,121005300.0
2023-09-18,9050.0,9075.0,9000.0,9000.0,8755.5029296875,34272200.0
2023-09-19,9000.0,9075.0,8975.0,9075.0,8828.46484375,33325800.0
2023-09-20,9125.0,9175.0,9075.0,9150.0,8901.427734375,54305500.0
2023-09-21,9125.0,9150.0,9075.0,9125.0,8877.107421875,40607000.0
2023-09-22,9125.0,9150.0,9075.0,9075.0,8828.46484375,42445300.0
2023-09-25,9075.0,9075.0,9000.0,9000.0,8755.5029296875,56132200.0
2023-09-26,9000.0,9025.0,8950.0,8950.0,8706.8603515625,73544700.0
2023-09-27,8900.0,9000.0,8875.0,8875.0,8633.8984375,84345000.0
2023-09-29,8825.0,8900.0,8825.0,8825.0,8585.2568359375,118960000.0
2023-10-02,8900.0,9100.0,8875.0,9075.0,8828.46484375,93663000.0
2023-10-03,9075.0,9200.0,9025.0,9200.0,8950.0693359375,98380200.0
2023-10-04,9200.0,9250.0,9125.0,9200.0,8950.0693359375,112582800.0
2023-10-05,9200.0,9200.0,9075.0,9075.0,8828.46484375,72855700.0
2023-10-06,9100.0,9100.0,9025.0,9025.0,8779.8232421875,53344400.0
2023-10-09,9025.0,9125.0,9025.0,9050.0,8804.1435546875,43774500.0
2023-10-10,9000.0,9000.0,8925.0,8925.0,8682.5400390625,71966100.0
2023-10-11,8925.0,9025.0,8925.0,8925.0,8682.5400390625,84305800.0
2023-10-12,9000.0,9100.0,9000.0,9050.0,8804.1435546875,71064500.0
2023-10-13,9100.0,9125.0,9025.0,9075.0,8828.46484375,62941800.0
2023-10-16,9125.0,9125.0,9050.0,9100.0,8852.7861328125,29429200.0
2023-10-17,9050.0,9075.0,8950.0,8950.0,8706.8603515625,59606000.0
2023-10-18,8925.0,8950.0,8850.0,8850.0,8609.5771484375,50919200.0
2023-10-19,8825.0,8850.0,8750.0,8750.0,8512.2939453125,89509700.0
2023-10-20,8725.0,9025.0,8725.0,8975.0,8731.181640625,64554500.0
2023-10-23,8875.0,8925.0,8850.0,8850.0,8609.5771484375,50633500.0
2023-10-24,8775.0,8875.0,8775.0,8775.0,8536.6142578125,76963200.0
2023-10-25,8825.0,8925.0,8825.0,8875.0,8633.8984375,54748400.0
2023-10-26,8925.0,8950.0,8725.0,8725.0,8487.9736328125,63199400.0
2023-10-27,8725.0,8800.0,8700.0,8700.0,8463.65234375,52450700.0
2023-10-30,8700.0,8850.0,8700.0,8850.0,8609.5771484375,51958200.0
2023-10-31,8800.0,8825.0,8725.0,8750.0,8512.2939453125,64907600.0
2023-11-01,8750.0,8775.0,8600.0,8600.0,8366.369140625,67027600.0
2023-11-02,8725.0,8900.0,8725.0,8850.0,8609.5771484375,56050900.0
2023-11-03,8925.0,8950.0,8850.0,8900.0,8658.21875,60414100.0
2023-11-06,8975.0,9050.0,8950.0,9050.0,8804.1435546875,84994200.0
2023-11-07,9000.0,9025.0,8900.0,8975.0,8731.181640625,60648200.0
2023-11-08,8950.0,9000.0,8900.0,9000.0,8755.5029296875,31829300.0
2023-11-09,8900.0,9050.0,8900.0,9000.0,8755.5029296875,46076800.0
2023-11-10,8950.0,9000.0,8825.0,8825.0,8585.2568359375,50754600.0
2023-11-13,8875.0,8925.0,8850.0,8875.0,8633.8984375,20827700.0
2023-11-14,8900.0,8950.0,8875.0,8925.0,8682.5400390625,37195700.0
2023-11-15,8975.0,9050.0,8950.0,9050.0,8804.1435546875,84977900.0
2023-11-16,9050.0,9075.0,8950.0,9075.0,8828.46484375,48714300.0
2023-11-17,9025.0,9075.0,8975.0,9075.0,8828.46484375,57050500.0
2023-11-20,8975.0,9025.0,8875.0,8875.0,8633.8984375,49216000.0
2023-11-21,8825.0,8900.0,8775.0,8775.0,8536.6142578125,107614800.0
2023-11-22,8775.0,8875.0,8775.0,8875.0,8633.8984375,40364800.0
2023-11-23,8850.0,8975.0,8850.0,8925.0,8682.5400390625,55542100.0
2023-11-24,8925.0,8975.0,8900.0,8925.0,8682.5400390625,43631900.0
2023-11-27,8900.0,8950.0,8875.0,8875.0,8633.8984375,35679000.0
2023-11-28,8875.0,8950.0,8850.0,8875.0,8633.8984375,69070600.0
2023-11-29,8900.0,8950.0,8900.0,8900.0,8658.21875,54715600.0
2023-11-30,8925.0,8975.0,8900.0,8975.0,8731.181640625,205312100.0
2023-12-01,8925.0,8975.0,8900.0,8950.0,8706.8603515625,80566400.0
2023-12-04,8950.0,9025.0,8925.0,8925.0,8723.966796875,54747400.0
2023-12-05,8950.0,8950.0,8825.0,8900.0,8699.529296875,94363900.0
2023-12-06,8850.0,8950.0,8800.0,8800.0,8601.7822265625,81852800.0
2023-12-07,8750.0,8825.0,8725.0,8825.0,8626.21875,91322500.0
2023-12-08,8800.0,8850.0,8750.0,8750.0,8552.908203125,43891600.0
2023-12-11,8675.0,8775.0,8675.0,8750.0,8552.908203125,78642800.0
2023-12-12,8700.0,8750.0,8700.0,8700.0,8504.0341796875,87589300.0
2023-12-13,8700.0,8750.0,8675.0,8675.0,8479.59765625,51560500.0
2023-12-14,8775.0,9050.0,8750.0,9050.0,8846.150390625,115332800.0
2023-12-15,9125.0,9225.0,9075.0,9225.0,9017.208984375,275013500.0
2023-12-18,9200.0,9225.0,9150.0,9200.0,8992.7724609375,111712200.0
2023-12-19,9125.0,9250.0,9125.0,9250.0,9041.6455078125,65174500.0
2023-12-20,9250.0,9300.0,9225.0,9300.0,9090.51953125,72938100.0
2023-12-21,9300.0,9325.0,9250.0,9325.0,9114.9560546875,88116700.0
2023-12-22,9275.0,9350.0,9275.0,9325.0,9114.9560546875,64449600.0
2023-12-27,9375.0,9400.0,9325.0,9375.0,9163.830078125,64464700.0
2023-12-28,9325.0,9425.0,9325.0,9400.0,9188.267578125,70184600.0
2023-12-29,9425.0,9450.0,9350.0,9400.0,9188.267578125,79903400.0
2024-01-02,9400.0,9425.0,9350.0,9425.0,9212.7041015625,30545200.0
2024-01-03,9425.0,9425.0,9325.0,9350.0,9139.3935546875,34603300.0
2024-01-04,9400.0,9475.0,9375.0,9475.0,9261.578125,56501800.0
2024-01-05,9500.0,9600.0,9475.0,9575.0,9359.3251953125,85290100.0
2024-01-08,9600.0,9625.0,9475.0,9575.0,9359.3251953125,50896000.0
2024-01-09,9600.0,9625.0,9575.0,9625.0,9408.19921875,59848600.0
2024-01-10,9650.0,9650.0,9550.0,9550.0,9334.888671875,52774900.0
2024-01-11,9625.0,9650.0,9575.0,9575.0,9359.3251953125,39381500.0
2024-01-12,9650.0,9700.0,9600.0,9700.0,9481.509765625,68253400.0
2024-01-15,9750.0,9750.0,9650.0,9725.0,9505.9462890625,88399500.0
2024-01-16,9700.0,9750.0,9675.0,9700.0,9481.509765625,44869200.0
2024-01-17,9750.0,9750.0,9650.0,9750.0,9530.3837890625,107706100.0
2024-01-18,9675.0,9750.0,9625.0,9675.0,9457.0732421875,71048900.0
2024-01-19,9775.0,9775.0,9600.0,9625.0,9408.19921875,63176500.0
2024-01-22,9600.0,9650.0,9525.0,9625.0,9408.19921875,52868300.0
2024-01-23,9450.0,9600.0,9450.0,9600.0,9383.76171875,92348600.0
2024-01-24,9600.0,9600.0,9475.0,9525.0,9310.451171875,84906000.0
2024-01-25,9450.0,9575.0,9450.0,9500.0,9286.0146484375,63212700.0
2024-01-26,9400.0,9450.0,9300.0,9350.0,9139.3935546875,78977300.0
2024-01-29,9400.0,9550.0,9375.0,9550.0,9334.888671875,73452800.0
2024-01-30,9500.0,9650.0,9475.0,9650.0,9432.6357421875,73136400.0
2024-01-31,9700.0,9700.0,9550.0,9550.0,9334.888671875,102581200.0
2024-02-01,9650.0,9725.0,9575.0,9700.0,9481.509765625,104208700.0
2024-02-02,9775.0,9800.0,9625.0,9700.0,9481.509765625,99324000.0
2024-02-05,9675.0,9675.0,9525.0,9575.0,9359.3251953125,57983300.0
2024-02-06,9750.0,9750.0,9625.0,9625.0,9408.19921875,87651000.0
2024-02-07,9700.0,9725.0,9650.0,9700.0,9481.509765625,92953500.0
2024-02-12,9750.0,9800.0,9700.0,9800.0,9579.2568359375,87949400.0
2024-02-13,9750.0,9800.0,9700.0,9725.0,9505.9462890625,66072400.0
2024-02-15,9950.0,9975.0,9850.0,9850.0,9628.130859375,164748900.0
2024-02-16,9975.0,10000.0,9875.0,9950.0,9725.87890625,142277200.0
2024-02-19,9900.0,9975.0,9825.0,9875.0,9652.5673828125,53341300.0
2024-02-20,9850.0,10025.0,9850.0,10025.0,9799.189453125,63997700.0
2024-02-21,9950.0,10000.0,9850.0,9975.0,9750.3154296875,75371600.0
2024-02-22,9975.0,9975.0,9875.0,9875.0,9652.5673828125,66913000.0
2024-02-23,9900.0,9925.0,9800.0,9825.0,9603.6943359375,55192300.0
2024-02-26,9750.0,9875.0,9725.0,9800.0,9579.2568359375,41356000.0
2024-02-27,9750.0,9900.0,9750.0,9875.0,9652.5673828125,43735800.0
2024-02-28,9975.0,10000.0,9900.0,10000.0,9774.751953125,54043100.0
2024-02-29,10000.0,10000.0,9850.0,9875.0,9652.5673828125,126671200.0
2024-03-01,9900.0,9925.0,9800.0,9825.0,9603.6943359375,51520600.0
2024-03-04,9800.0,9825.0,9750.0,9750.0,9530.3837890625,43822900.0
2024-03-05,9900.0,9900.0,9775.0,9800.0,9579.2568359375,61952900.0
2024-03-06,9900.0,10000.0,9775.0,9950.0,9725.87890625,70242200.0
2024-03-07,10050.0,10175.0,10000.0,10125.0,9896.9365234375,118369300.0
2024-03-08,10250.0,10300.0,10125.0,10150.0,9921.3740234375,100947200.0
2024-03-13,10400.0,10400.0,10000.0,10000.0,9774.751953125,141622600.0
2024-03-14,10050.0,10325.0,10025.0,10325.0,10092.431640625,110681100.0
2024-03-15,10200.0,10300.0,10050.0,10150.0,9921.3740234375,154176800.0
2024-03-18,10175.0,10275.0,10150.0,10150.0,9921.3740234375,62444100.0
2024-03-19,10150.0,10250.0,10150.0,10175.0,9945.810546875,55004800.0
2024-03-20,10100.0,10150.0,10075.0,10125.0,9896.9365234375,66269700.0
2024-03-21,10175.0,10225.0,10050.0,10125.0,9896.9365234375,90279400.0
2024-03-22,10000.0,10125.0,9950.0,10100.0,9872.5,91968200.0
2024-03-25,10075.0,10075.0,9925.0,10075.0,10075.0,66971000.0
2024-03-26,10050.0,10050.0,9950.0,10050.0,10050.0,65742700.0
2024-03-27,10025.0,10075.0,10000.0,10075.0,10075.0,39514100.0
2024-03-28,10025.0,10100.0,9975.0,10075.0,10075.0,79229700.0
2024-04-01,10075.0,10100.0,9825.0,9850.0,9850.0,79248700.0
2024-04-02,9925.0,9950.0,9800.0,9900.0,9900.0,76763100.0
2024-04-03,9750.0,9800.0,9525.0,9525.0,9525.0,177418400.0
2024-04-04,9575.0,9850.0,9575.0,9850.0,9850.0,75993500.0
2024-04-05,9950.0,9950.0,9825.0,9825.0,9825.0,70428600.0
2024-04-16,9350.0,9575.0,9250.0,9475.0,9475.0,283265900.0
2024-04-17,9550.0,9675.0,9525.0,9525.0,9525.0,95620700.0
2024-04-18,9525.0,9575.0,9450.0,9475.0,9475.0,127134000.0
2024-04-19,9350.0,9500.0,9300.0,9475.0,9475.0,147784300.0
2024-04-22,9400.0,9425.0,9350.0,9350.0,9350.0,128908000.0
2024-04-23,9400.0,9775.0,9400.0,9725.0,9725.0,178833000.0
2024-04-24,9825.0,9950.0,9750.0,9950.0,9950.0,132832700.0
2024-04-25,10000.0,10000.0,9700.0,9775.0,9775.0,104874100.0
2024-04-26,9700.0,9825.0,9625.0,9625.0,9625.0,100932900.0
2024-04-29,9525.0,9850.0,9525.0,9800.0,9800.0,90063500.0
2024-04-30,10050.0,10050.0,9800.0,9800.0,9800.0,109623000.0
2024-05-02,9900.0,9900.0,9500.0,9550.0,9550.0,97079400.0
2024-05-03,9750.0,9850.0,9675.0,9850.0,9850.0,81200400.0
2024-05-06,9850.0,9875.0,9775.0,9800.0,9800.0,53076200.0
2024-05-07,9700.0,9750.0,9625.0,9700.0,9700.0,66746800.0
2024-05-08,9600.0,9700.0,9375.0,9375.0,9375.0,112808900.0
2024-05-13,9200.0,9525.0,9200.0,9525.0,9525.0,145469900.0
2024-05-14,9625.0,9675.0,9525.0,9550.0,9550.0,95363500.0
2024-05-15,9500.0,9600.0,9425.0,9500.0,9500.0,54741900.0
2024-05-16,9575.0,9675.0,9525.0,9600.0,9600.0,61126000.0
2024-05-17,9600.0,9850.0,9575.0,9750.0,9750.0,99848500.0
2024-05-20,9700.0,9800.0,9475.0,9475.0,9475.0,87890100.0
2024-05-21,9450.0,9575.0,9375.0,9375.0,9375.0,75311400.0
2024-05-22,9475.0,9575.0,9325.0,9425.0,9425.0,121712700.0
2024-05-27,9300.0,9375.0,9275.0,9300.0,9300.0,128578500.0
2024-05-28,9300.0,9400.0,9300.0,9300.0,9300.0,73945700.0
2024-05-29,9275.0,9325.0,9150.0,9150.0,9150.0,117351600.0
2024-05-30,9000.0,9250.0,8775.0,9000.0,9000.0,207115100.0
2024-05-31,9100.0,9250.0,9025.0,9250.0,9250.0,756431600.0
2024-06-03,9350.0,9350.0,9225.0,9275.0,9275.0,72197700.0
2024-06-04,9525.0,9525.0,9350.0,9350.0,9350.0,75353100.0
2024-06-05,9500.0,9500.0,9300.0,9450.0,9450.0,82087300.0
2024-06-06,9525.0,9525.0,9450.0,9475.0,9475.0,44991300.0
2024-06-07,9500.0,9500.0,9325.0,9325.0,9325.0,51599800.0
2024-06-10,9500.0,9525.0,9450.0,9525.0,9525.0,45584700.0
2024-06-11,9550.0,9550.0,9300.0,9300.0,9300.0,68690900.0
2024-06-12,9300.0,9325.0,9250.0,9250.0,9250.0,49785700.0
2024-06-13,9475.0,9475.0,9200.0,9200.0,9200.0,84652200.0
2024-06-14,9200.0,9250.0,9100.0,9200.0,9200.0,52986300.0
2024-06-19,9250.0,9250.0,9050.0,9050.0,9050.0,100051000.0
2024-06-20,9150.0,9425.0,9100.0,9425.0,9425.0,81474800.0
2024-06-21,9475.0,9675.0,9400.0,9600.0,9600.0,166841200.0
2024-06-24,9600.0,9750.0,9575.0,9600.0,9600.0,79592300.0
2024-06-25,9600.0,9600.0,9450.0,9600.0,9600.0,80029000.0
2024-06-26,9525.0,9650.0,9450.0,9500.0,9500.0,77913200.0
2024-06-27,9575.0,9750.0,9550.0,9750.0,9750.0,89150700.0
2024-06-28,9800.0,9975.0,9775.0,9925.0,9925.0,166172300.0
2024-07-01,9850.0,9900.0,9825.0,9875.0,9875.0,68634600.0
2024-07-02,10000.0,10000.0,9850.0,9900.0,9900.0,78848500.0
2024-07-03,9975.0,10000.0,9925.0,10000.0,10000.0,55860200.0
2024-07-04,,,,,,
2024-07-05,9925.0,9975.0,9875.0,9950.0,9950.0,36946900.0
